id,name,term,usCite,current_tribes,suggested,band_options,confidence,vs_current,from_opinion,notes,reviewer_decision,final_tribes,url
1810-027,Fletcher v. Peck,1810,10 U.S. 87,,,,,,,,,,https://www.courtlistener.com/opinion/84935/fletcher-v-peck/
1815-002,Megis v. McClung's Lessee,1815,13 U.S. 11,,,,,,,,,,https://www.courtlistener.com/opinion/85090/meigs-and-al-v-mclungs-lessee/
1816-014,Preston v. Browder,1816,14 U.S. 115,,,,,,,,,,https://www.courtlistener.com/opinion/85141/preston-v-browder/
1816-021,Danforth's Lessee v. Thomas,1816,14 U.S. 155,,,,,,,,,,https://www.courtlistener.com/opinion/85146/danforths-lessee-v-thomas/
1817-002,McIver v. Ragan,1817,15 U.S. 25,,,,,,,,,,https://www.courtlistener.com/opinion/85174/miver-lessees-v-ragan/
1823-013,Johnson v. McIntosh,1823,21 U.S. 543,,,,,,,,,,https://www.courtlistener.com/opinion/85404/johnson-grahams-lessee-v-mcintosh/
1824-019,Danforth v. Wear,1824,22 U.S. 673,,,,,,,,,,https://www.courtlistener.com/opinion/85448/danforth-v-wear/
1829-014,Patterson v. Jenks,1829,27 U.S. 216,,,,,,,,,,https://www.courtlistener.com/opinion/85627/patterson-v-jenks/
1829-032,American Fur. Co. v. United States,1829,27 U.S. 358,,,,,,,,,,https://www.courtlistener.com/opinion/85637/sundry-goods-wares-merchandises-v-united-states/
1831-041,Cherokee Nation v. GA,1831,30 U.S. 1,,Cherokee,Cherokee: Cherokee Nation; Eastern Band of Cherokee Indians; United Keetoowah Band,HIGH: named in caption,fills blank,,,,,https://www.courtlistener.com/opinion/85715/cherokee-nation-v-state-of-georgia/
1832-046,Worcester v. GA,1832,31 U.S. 515,,,,,,,,,,https://www.courtlistener.com/opinion/85797/worcester-v-georgia/
1832-056,U.S. v. Arredondo,1832,31 U.S. 691,,,,,,,,,,https://www.courtlistener.com/opinion/85806/us-v-don-fernando-de-la-maza-arredondo-others/
1835-018,Winn v. Patterson,1835,34 U.S. 663,,,,,,,,,,https://www.courtlistener.com/opinion/85949/winn-v-patterson/
1835-038,Mitchel v. United States,1835,34 U.S. 711,,,,,,,,,,https://www.courtlistener.com/opinion/85953/mitchel-and-others-v-united-states/
1836-015,U.S. v. Fernandez,1836,35 U.S. 303,,,,,,,,,,https://www.courtlistener.com/opinion/8178327/united-states-v-fernandez/
1839-030,Clark v. Smith,1839,38 U.S. 195,,,,,,,,,,https://www.courtlistener.com/opinion/86088/clark-v-smith/
1840-015,Lattimer's Lessee v. Poteet,1840,39 U.S. 4,,,,,,,,,,https://www.courtlistener.com/opinion/86116/lessee-of-lattimer-v-poteet/
1841-008,Mitchel v. United States,1841,40 U.S. 52,,,,,,,,,,https://www.courtlistener.com/opinion/86163/mitchel-v-united-states/
1841-027,Minis v. United States,1841,40 U.S. 423,,,,,,,,,,https://www.courtlistener.com/opinion/86185/minis-v-united-states/
1842-008,Martin v. Waddell's Lessee,1842,41 U.S. 367,,,,,,,,,,https://www.courtlistener.com/opinion/86222/martin-v-lessee-of-waddell/
1844-027,Kinney v. Clark,1844,43 U.S. 76,,,,,,,,,,https://www.courtlistener.com/opinion/86271/kinney-v-clark/
1844-035,Ladiga v. Roland,1844,43 U.S. 581,,,,,,,,,,https://www.courtlistener.com/opinion/86295/ladiga-v-de-marcus-roland/
1846-005,Maney v. Porter,1846,45 U.S. 55,,,,,,,,,,https://www.courtlistener.com/opinion/86356/thomas-maney-and-others-in-error-v-thomas-j-porter/
1846-041,U.S. v. Rogers,1846,45 U.S. 567,,,,,,,,,,https://www.courtlistener.com/opinion/86385/united-states-v-rogers/
1849-036,State of Missouri v. State of Iowa,1849,48 U.S. 660,,,,,,,,,,https://www.courtlistener.com/opinion/86490/state-of-missouri-v-iowa/
1850-023,Marsh v. Brooks,1850,49 U.S. 223,,,,,,,,,,https://www.courtlistener.com/opinion/86521/marsh-v-brooks/
1850-057,Gaines v. Nicholson,1850,50 U.S. 356,,,,,,,,,,https://www.courtlistener.com/opinion/86566/gaines-v-nicholson/
1850-094,Henderson v. TN,1850,51 U.S. 311,,,,,,,,,,https://www.courtlistener.com/opinion/86610/henderson-v-state-of-tennessee/
1850-116,U.S. v. Brooks,1850,51 U.S. 442,,,,,,,,,,https://www.courtlistener.com/opinion/86617/united-states-v-brooks/
1850-148,Webster v. Reid,1850,52 U.S. 437,,,,,,,,,,https://www.courtlistener.com/opinion/86654/webster-v-reid/
1850-153,Parks v. Ross,1850,52 U.S. 362,,,,,,,,,,https://www.courtlistener.com/opinion/86650/parks-v-ross/
1852-011,U.S. v. Rillieux's Heirs,1852,55 U.S. 189,,,,,,,,,,https://www.courtlistener.com/opinion/86778/united-states-v-heirs-of-rillieux/
1852-048,Marsh v. Brooks,1852,55 U.S. 513,,,,,,,,,,https://www.courtlistener.com/opinion/86802/marsh-v-brooks/
1852-054,Veazie v. Moor,1852,55 U.S. 568,,,,,,,,,,https://www.courtlistener.com/opinion/86808/veazie-v-moor/
1853-041,Chouteau v. Molony,1853,57 U.S. 203,,,,,,,,,,https://www.courtlistener.com/opinion/86868/chouteau-v-molony/
1854-045,Coy v. Mason,1854,58 U.S. 580,,,,,,,,,,https://www.courtlistener.com/opinion/86954/coy-v-mason/
1854-066,U.S. v. Ritchie,1854,58 U.S. 525,,,,,,,,,,https://www.courtlistener.com/opinion/86951/united-states-v-ritchie/
1855-012,Minter v. Crommelin,1855,59 U.S. 87,,,,,,,,,,https://www.courtlistener.com/opinion/86979/minter-v-crommelin/
1855-020,"U.S., to Use of Mackey v. Coxe",1855,59 U.S. 100,,,,,,,,,,https://www.courtlistener.com/opinion/86982/united-states-ex-rel-mackey-v-coxe/
1856-056,Fellows v. Blacksmith,1856,60 U.S. 366,,,,,,,,,,https://www.courtlistener.com/opinion/87107/fellows-v-blacksmith/
1856-061,Dred Scott v. Sandford,1856,60 U.S. 393,,,,,,,,,,https://www.courtlistener.com/opinion/87116/dred-scott-v-sandford/
1858-038,People of State of New York ex rel. Cutler v. Dibble,1858,62 U.S. 366,,,,,,,,,,https://www.courtlistener.com/opinion/87223/new-york-ex-rel-cutler-v-dibble/
1859-115,Doe ex dem. Mann v. Wilson,1859,64 U.S. 457,,,,,,,,,,https://www.courtlistener.com/opinion/87354/doe-ex-dem-mann-v-wilson/
1861-026,Crews v. Burcham,1861,66 U.S. 352,,,,,,,,,,https://www.courtlistener.com/opinion/87475/crews-v-burcham/
1861-041,U.S. v. Wilson,1861,66 U.S. 267,,,,,,,,,,https://www.courtlistener.com/opinion/87462/united-states-v-john-wilson/
1864-005,U.S. v. Stone,1864,69 U.S. 525,,,,,,,,,,https://www.courtlistener.com/opinion/87668/united-states-v-stone/
1865-048,U.S. v. Holliday,1865,70 U.S. 407,,,,,,,,,,https://www.courtlistener.com/opinion/87720/united-states-v-holliday/
1866-113,In re Kansas Indians,1866,72 U.S. 737,,"Kansas Indians (1866: Shawnee, Wea, and Miami lands; specify)","Kansas Indians (1866: Shawnee, Wea, and Miami lands; specify): Shawnee Tribe; Peoria Tribe (Wea); Miami Tribe of Oklahoma",HIGH: named in caption,fills blank,,,,,https://www.courtlistener.com/opinion/87869/the-kansas-indians/
1866-124,U.S. v. Pico,1866,72 U.S. 536,,,,,,,,,,https://www.courtlistener.com/opinion/87851/united-states-v-pico/
1866-128,New York Indians,1866,72 U.S. 761,,New York Indians (Haudenosaunee nations; specify),New York Indians (Haudenosaunee nations; specify): Seneca Nation of Indians; Tonawanda Seneca; Oneida; Onondaga; Cayuga; Tuscarora; Saint Regis Mohawk,HIGH: named in caption,fills blank,,,,,https://www.courtlistener.com/opinion/87870/the-new-york-indians/
1866-135,U.S. v. Mayrand,1866,154 U.S. 552,,,,,,,,,,https://www.courtlistener.com/opinion/8178729/united-states-v-mayrand/
1867-002,Wilson v. Wall,1867,73 U.S. 83,,,,,,,,,,https://www.courtlistener.com/opinion/87889/wilson-v-wall/
1868-017,Kendall v. United States,1868,74 U.S. 113,,,,,,,,,,https://www.courtlistener.com/opinion/87988/kendall-v-united-states/
1870-017,Smith v. Stevens,1870,77 U.S. 321,,,,,,,,,,https://www.courtlistener.com/opinion/88263/smith-v-stevens/
1870-125,Cherokee Tobacco,1870,78 U.S. 616,,Cherokee,Cherokee: Cherokee Nation; Eastern Band of Cherokee Indians; United Keetoowah Band,HIGH: named in caption,fills blank,,,,,https://www.courtlistener.com/opinion/88351/the-cherokee-tobacco/
1872-015,Holden v. Joy,1872,84 U.S. 211,,,,,,,,,,https://www.courtlistener.com/opinion/1379538/holden-v-joy/
1872-118,Warner v. Joy,1872,84 U.S. 253,,,,,,,,,,https://www.courtlistener.com/opinion/88739/tyler-v-magwire/
1872-133,Walker v. Henshaw,1872,83 U.S. 436,,,,,,,,,,https://www.courtlistener.com/opinion/88695/walker-v-henshaw/
1873-052,Best v. Polk,1873,85 U.S. 112,,,,,,,,,,https://www.courtlistener.com/opinion/88797/best-v-polk/
1873-069,Stuart v. U.S.,1873,85 U.S. 84,,,,,,,,,,https://www.courtlistener.com/opinion/88793/stuart-v-united-states/
1873-178,U.S. v. Cook,1873,86 U.S. 591,,,,,,,,,,https://www.courtlistener.com/opinion/88904/united-states-v-cook/
1875-102,Lobenstein v. United States,1875,91 U.S. 324,,,,,,,,,,https://www.courtlistener.com/opinion/89181/lobenstein-v-united-states/
1875-158,"Leavenworth, L. & G.R. Co. v. United States",1875,92 U.S. 733,,,,,,,,,,https://www.courtlistener.com/opinion/89329/leavenworth-lawrence-galveston-railroad-v-united-states/
1875-215,"Missouri, K & T R Co v. United States",1875,92 U.S. 760n,,,,,,,,,,https://www.courtlistener.com/opinion/89330/missouri-kansas-and-texas-railway-company-v-united-states/
1875-171,Hot Spring Cases,1875,92 U.S. 698,,,,,,,,,,https://www.courtlistener.com/opinion/89324/rector-v-united-states-hale-v-united-states-gaines-et-al-v-united/
1876-030,U.S. v. Forty-Three Gallons of Whiskey,1876,93 U.S. 188,,,,,,,,,,https://www.courtlistener.com/opinion/89361/united-states-v-forty-three-gallons-of-whiskey/
1876-213,U.S. v. Joseph,1876,94 U.S. 614,,,,,,,,,,https://www.courtlistener.com/opinion/89521/united-states-v-joseph/
1877-052,Beecher v. Wetherby,1877,95 U.S. 517,,,,,,,,,,https://www.courtlistener.com/opinion/89627/beecher-v-wetherby/
1877-066,Bates v. Clark,1877,95 U.S. 204,,,,,,,,,,https://www.courtlistener.com/opinion/89584/bates-v-clark/
1878-121,Myrick v. Thompson,1878,99 U.S. 291,,,,,,,,,,https://www.courtlistener.com/opinion/89948/myrick-v-thompson/
1878-171,Harkness v. Hyde,1878,98 U.S. 476,,,,,,,,,,https://www.courtlistener.com/opinion/89892/harkness-v-hyde/
1879-082,U.S. v. Perryman,1879,100 U.S. 235,,,,,,,,,,https://www.courtlistener.com/opinion/90035/united-states-v-perryman/
1879-183,Langford v. Monteith,1879,102 U.S. 145,,,,,,,,,,https://www.courtlistener.com/opinion/90222/langford-v-monteith/
1880-099,Pennock v. Comm'rs,1880,103 U.S. 44,,,,,,,,,,https://www.courtlistener.com/opinion/90296/pennock-v-commissioners/
1881-097,U.S. v. McBratney,1881,104 U.S. 621,,,,,,,,,,https://www.courtlistener.com/opinion/90510/united-states-v-mcbratney/
1882-243,U.S. v. Forty-Three Gallons of Whiskey,1882,108 U.S. 491,,,,,,,,,,https://www.courtlistener.com/opinion/90880/united-states-v-forty-three-gallons-of-whiskey/
1883-024,U.S. v Mitchell,1883,109 U.S. 146,,,,,,,,,,https://www.courtlistener.com/opinion/90914/united-states-v-mitchell/
1883-051,Dubuque & S. C. R. Co. v. Des Moines V. R. Co.,1883,109 U.S. 329,,,,,,,,,,https://www.courtlistener.com/opinion/90941/dubuque-sioux-city-railroad-v-des-moines-valley-railroad/
1883-074,Ex parte Kan-gi-shun-ca (Crow Dog),1883,109 U.S. 556,,,,,,,,,,https://www.courtlistener.com/opinion/90965/ex-parte-crow-dog/
1883-177,U.S. v. Brindle,1883,110 U.S. 688,,,,,,,,,,https://www.courtlistener.com/opinion/91067/united-states-v-brindle/
1883-224,U.S. v. Carpenter,1883,111 U.S. 347,,,,,,,,,,https://www.courtlistener.com/opinion/91115/united-states-v-carpenter/
1883-268,San Francisco v. Scott,1883,111 U.S. 768,,,,,,,,,,https://www.courtlistener.com/opinion/91160/city-and-county-of-san-francisco-v-scott/
1884-014,Elk v. Wilkins,1884,112 U.S. 94,,,,,,,,,,https://www.courtlistener.com/opinion/91182/elk-v-wilkins/
1885-061,Utah & N. Railway Co. v. Fisher,1885,116 U.S. 28,,,,,,,,,,https://www.courtlistener.com/opinion/91496/utah-northern-railway-v-fisher/
1885-161,Eastern Band of Cherokee Indians v. United States,1885,117 U.S. 288,,Cherokee,Cherokee: Cherokee Nation; Eastern Band of Cherokee Indians; United Keetoowah Band,HIGH: named in caption,fills blank,,,,,https://www.courtlistener.com/opinion/91606/the-cherokee-trust-funds/
1885-245,"U.S. v. Nashville, C. & S. L. Ry.",1885,118 U.S. 120,,,,,,,,,,https://www.courtlistener.com/opinion/91676/united-states-v-nashville-chattanooga-st-louis-railway-co/
1885-261,Libby v. Clark,1885,118 U.S. 250,,,,,,,,,,https://www.courtlistener.com/opinion/91695/libby-v-clark/
1885-270,U.S. v. Kagama,1885,118 U.S. 375,,,,,,,,,,https://www.courtlistener.com/opinion/91705/united-states-v-kagama/
1886-014,Choctaw Nation v. United States,1886,119 U.S. 1,,Choctaw,Choctaw: Choctaw Nation of Oklahoma; Mississippi Band of Choctaw Indians; Jena Band of Choctaw,HIGH: named in caption,fills blank,,,,,https://www.courtlistener.com/opinion/91726/choctaw-nation-v-united-states/
1886-018,Buttz v. Northern Pac. R. Co.,1886,119 U.S. 55,,,,,,,,,,https://www.courtlistener.com/opinion/91730/buttz-v-northern-pacific-railroad/
1886-190,U.S. v. Jones,1886,121 U.S. 89,,,,,,,,,,https://www.courtlistener.com/opinion/91900/united-states-v-mcdougalls-administrator/
1886-215,U.S. v. LeBris,1886,121 U.S. 278,,,,,,,,,,https://www.courtlistener.com/opinion/91921/united-states-v-le-bris/
1886-225,Noonan v. Caledonia Gold Min. Co.,1886,121 U.S. 393,,,,,,,,,,https://www.courtlistener.com/opinion/91931/noonan-v-caledonia-mining-co/
1888-181,Ex parte Gon-shay-ee,1888,130 U.S. 343,,,,,,,,,,https://www.courtlistener.com/opinion/92480/gon-shay-ee/
1888-182,Ex parte Captain Jack,1888,130 U.S. 353,,,,,,,,,,https://www.courtlistener.com/opinion/92481/captain-jack/
1889-250,Cherokee Nation v. Southern K. R. Co.,1889,135 U.S. 641,,Cherokee,Cherokee: Cherokee Nation; Eastern Band of Cherokee Indians; United Keetoowah Band,HIGH: named in caption,fills blank,,,,,https://www.courtlistener.com/opinion/92808/cherokee-nation-v-southern-kansas-railway-co/
1890-276,Ex parte Wilson,1890,140 U.S. 575,,,,,,,,,,https://www.courtlistener.com/opinion/93114/in-re-wilson/
1890-293,Ex parte Mayfield,1890,141 U.S. 107,,,,,,,,,,https://www.courtlistener.com/opinion/93132/in-re-mayfield/
1891-036,McLish v. Roff,1891,141 U.S. 661,,,,,,,,,,https://www.courtlistener.com/opinion/93187/mclish-v-roff/
1891-156,Southern Kansas R. Co. v. Briscoe,1891,144 U.S. 133,,,,,,,,,,https://www.courtlistener.com/opinion/93307/southern-kansas-railway-co-v-briscoe/
1891-208,Kendall v. San Juan Mining Co.,1891,144 U.S. 658,,,,,,,,,,https://www.courtlistener.com/opinion/93355/kendall-v-san-juan-silver-mining-co/
1891-235,Pickering v. Lomax,1891,145 U.S. 310,,,,,,,,,,https://www.courtlistener.com/opinion/93383/pickering-v-lomax/
1891-236,Felix v. Patrick,1891,145 U.S. 317,,,,,,,,,,https://www.courtlistener.com/opinion/93384/felix-v-patrick/
1892-107,Taylor v. Brown,1892,147 U.S. 640,,,,,,,,,,https://www.courtlistener.com/opinion/93518/taylor-v-brown/
1892-142,In re Sanborn,1892,148 U.S. 222,,,,,,,,,,https://www.courtlistener.com/opinion/93553/in-re-sanborn/
1892-161,"U.S. v. ""Old Settlers""",1892,148 U.S. 427,,,,,,,,,,https://www.courtlistener.com/opinion/93572/united-states-v-old-settlers/
1892-183,Pam-to-pee v. U.S.,1892,148 U.S. 691,,,,,,,,,,https://www.courtlistener.com/opinion/93594/phineas-pam-to-pee-v-united-states/
1893-055,Hicks v. United States,1893,150 U.S. 442,,,,,,,,,,https://www.courtlistener.com/opinion/93720/hicks-v-united-states/
1893-079,Smith v. U.S.,1893,151 U.S. 50,,,,,,,,,,https://www.courtlistener.com/opinion/93743/famous-smith-v-united-states/
1893-133,U.S. v. Thomas,1893,151 U.S. 577,,,,,,,,,,https://www.courtlistener.com/opinion/93797/united-states-v-thomas/
1893-151,Missouri v. K & T. R. Co. v. Roberts,1893,152 U.S. 114,,,,,,,,,,https://www.courtlistener.com/opinion/93815/missouri-kansas-texas-railway-co-v-roberts/
1893-196,Sarlis v. U.S.,1893,152 U.S. 570,,,,,,,,,,https://www.courtlistener.com/opinion/93861/sarlls-v-united-states/
1893-213,U.S. v. Pridgeon,1893,153 U.S. 48,,,,,,,,,,https://www.courtlistener.com/opinion/93878/united-states-v-pridgeon/
1893-219,Hegler v. Faulkner,1893,153 U.S. 109,,,,,,,,,,https://www.courtlistener.com/opinion/93884/hegler-v-faulkner/
1893-259,Starr v. U.S.,1893,153 U.S. 614,,,,,,,,,,https://www.courtlistener.com/opinion/93922/starr-v-united-states/
1893-276,Prentice v. Northern P. R. Co.,1893,154 U.S. 163,,,,,,,,,,https://www.courtlistener.com/opinion/93937/prentice-v-northern-pacific-railroad/
1894-020,U.S. v. Blackfeather,1894,155 U.S. 180,,,,,,,,,,https://www.courtlistener.com/opinion/94027/united-states-v-blackfeather/
1894-021,Cherokee Nation v. Journeycake,1894,155 U.S. 196,,Cherokee,Cherokee: Cherokee Nation; Eastern Band of Cherokee Indians; United Keetoowah Band,HIGH: named in caption,fills blank,,,,,https://www.courtlistener.com/opinion/94028/cherokee-nation-v-journeycake/
1894-022,U.S. v. Blackfeather,1894,155 U.S. 218,Shawnee and Cherokee Nations,,,,current only (caption names no tribe),,,,,https://www.courtlistener.com/opinion/2620889/cherokee-nation-v-blackfeather/
1894-059,Westmoreland v. U.S.,1894,155 U.S. 545,,,,,,,,,,https://www.courtlistener.com/opinion/94064/westmoreland-v-united-states/
1894-097,Maricopa & P. R. Co. v. AZ Terr.,1894,156 U.S. 347,,,,,,,,,,https://www.courtlistener.com/opinion/94101/maricopa-phnix-railroad-v-arizona-territory/
1894-133,Frost v. Wenie,1894,157 U.S. 46,,,,,,,,,,https://www.courtlistener.com/opinion/94136/frost-v-wenie/
1894-203,Wright v. U.S.,1894,158 U.S. 232,,,,,,,,,,https://www.courtlistener.com/opinion/94206/wright-v-united-states/
1895-004,Gilfillan v. McKee,1895,159 U.S. 303,,,,,,,,,,https://www.courtlistener.com/opinion/94257/gilfillan-v-mckee/
1895-005,McKee v. Lamon,1895,159 U.S. 317,,,,,,,,,,https://www.courtlistener.com/opinion/94258/mckee-v-lamon/
1895-006,McKee v. Latrobe,1895,159 U.S. 327,,,,,,,,,,https://www.courtlistener.com/opinion/94259/mckee-v-latrobe/
1895-018,Issacs v. United States,1895,159 U.S. 487,,,,,,,,,,https://www.courtlistener.com/opinion/94272/isaacs-v-united-states/
1895-085,Spalding v. Chandler,1895,160 U.S. 394,,,,,,,,,,https://www.courtlistener.com/opinion/94333/spalding-v-chandler/
1895-093,Johnson v. United States,1895,160 U.S. 546,,,,,,,,,,https://www.courtlistener.com/opinion/94343/johnson-v-united-states/
1895-113,Ball v. Hallsell,1895,161 U.S. 72,,,,,,,,,,https://www.courtlistener.com/opinion/94363/ball-v-halsell/
1895-137,Leighton v. United States,1895,161 U.S. 291,,,,,,,,,,https://www.courtlistener.com/opinion/94383/leighton-v-united-states/
1895-138,Marks v. United States,1895,161 U.S. 297,,,,,,,,,,https://www.courtlistener.com/opinion/94384/marks-v-united-states/
1895-176,Seneca Nation v. Christy,1895,162 U.S. 283,,Seneca,Seneca: Seneca Nation of Indians; Tonawanda Band of Seneca; Seneca-Cayuga Nation,HIGH: named in caption,fills blank,,,,,https://www.courtlistener.com/opinion/94422/seneca-nation-v-christy/
1895-203,Alberty v. United States,1895,162 U.S. 499,,,,,,,,,,https://www.courtlistener.com/opinion/94447/alberty-v-united-states/
1895-209,Fee v. Brown,1895,162 U.S. 602,,,,,,,,,,https://www.courtlistener.com/opinion/94453/fee-v-brown/
1895-218,Wiggan v. Conolly,1895,163 U.S. 56,,,,,,,,,,https://www.courtlistener.com/opinion/94462/wiggan-v-conolly/
1895-250,Talton v. Mayes,1895,163 U.S. 376,,,,,,,,,,https://www.courtlistener.com/opinion/94495/talton-v-mayes/
1895-256,Eddy v. Lafayette,1895,163 U.S. 456,,,,,,,,,,https://www.courtlistener.com/opinion/94501/eddy-v-lafayette/
1895-261,Ward v. Race Horse,1895,163 U.S. 504,,,,,,,,,,https://www.courtlistener.com/opinion/94506/ward-v-race-horse/
1895-265,Lucas v. United States,1895,163 U.S. 612,,,,,,,,,,https://www.courtlistener.com/opinion/94510/lucas-v-united-states/
1896-019,Draper v. United States,1896,164 U.S. 240,,,,,,,,,,https://www.courtlistener.com/opinion/94534/draper-v-united-states/
1896-065,Nofire v. U.S.,1896,164 U.S. 657,,,,,,,,,,https://www.courtlistener.com/opinion/94577/nofire-v-united-states/
1896-069,U.S. v. Northwestern Express Stage & Transp. Co.,1896,164 U.S. 686,,,,,,,,,,https://www.courtlistener.com/opinion/94581/united-states-v-northwestern-express-stage-transportation-co/
1896-091,U.S. v. Gorham,1896,165 U.S. 316,,,,,,,,,,https://www.courtlistener.com/opinion/94605/united-states-v-gorham/
1896-105,Atlantic & P. R. Co. v. Mingus,1896,165 U.S. 413,,,,,,,,,,https://www.courtlistener.com/opinion/94619/atlantic-pacific-railroad-v-mingus/
1896-157,Carter v. Ruddy,1896,166 U.S. 493,,,,,,,,,,https://www.courtlistener.com/opinion/94669/carter-v-ruddy/
1896-199,Tla-Koo-Yel-Lee v. U.S.,1896,167 U.S. 274,,,,,,,,,,https://www.courtlistener.com/opinion/94713/tla-koo-yel-lee-v-united-states/
1896-216,Whitney v. U.S.,1896,167 U.S. 529,,,,,,,,,,https://www.courtlistener.com/opinion/94729/whitney-v-united-states/
1897-012,Pueblo of Zia v. U S,1897,168 U.S. 198,,Pueblo,"Pueblo: Specify the pueblo (e.g., Santa Clara, Isleta, Zia, Laguna, Acoma, Taos, Santa Ana, Ysleta del Sur)",HIGH: named in caption,fills blank,,,,,https://www.courtlistener.com/opinion/94754/zia-v-united-states/
1897-014,Roff v. Burney,1897,168 U.S. 218,,,,,,,,,,https://www.courtlistener.com/opinion/94756/roff-v-burney/
1897-078,Thomas v. Gay,1897,169 U.S. 264,,,,,,,,,,https://www.courtlistener.com/opinion/94819/thomas-v-gay/
1897-101,New York Indians v. U.S.,1897,170 U.S. 1,,New York Indians (Haudenosaunee nations; specify),New York Indians (Haudenosaunee nations; specify): Seneca Nation of Indians; Tonawanda Seneca; Oneida; Onondaga; Cayuga; Tuscarora; Saint Regis Mohawk,HIGH: named in caption,fills blank,,,,,https://www.courtlistener.com/opinion/94844/new-york-indians-v-united-states/
1897-143,Wagoner v. Evans,1897,170 U.S. 588,,,,,,,,,,https://www.courtlistener.com/opinion/94882/wagoner-v-evans/
1897-188,New York Indians v. U.S.,1897,170 U.S. 614,,New York Indians (Haudenosaunee nations; specify),New York Indians (Haudenosaunee nations; specify): Seneca Nation of Indians; Tonawanda Seneca; Oneida; Onondaga; Cayuga; Tuscarora; Saint Regis Mohawk,HIGH: named in caption,fills blank,,,,,https://www.courtlistener.com/opinion/94885/new-york-indians-v-united-states/
1898-066,Lomax v. Pickering,1898,173 U.S. 26,"Undiscernable. It would be a member of the Chippewa, Ottawa, or Potawatomi Nation under the Treaty of Prarie du Chien of 1829.",,,,current only (caption names no tribe),,,,,https://www.courtlistener.com/opinion/94989/lomax-v-pickering/
1898-071,U.S. v. Navarre,1898,173 U.S. 77,Pottawatomie Tribe of Indians,,,,current only (caption names no tribe),,,,,https://www.courtlistener.com/opinion/94994/united-states-v-navarre/
1898-072,Collier v. U.S.,1898,173 U.S. 79,Mescalaro Apache,,,,current only (caption names no tribe),,,,,https://www.courtlistener.com/opinion/94995/collier-v-united-states/
1898-098,Yerke v. U.S.,1898,173 U.S. 439,,,,,,,,,,https://www.courtlistener.com/opinion/95021/yerke-v-united-states/
1898-103,U.S. v. New York Indians,1898,173 U.S. 464,"This case involves a number of tribes, but particularly the Stockbridges, Munsees, and Brothertowns.",New York Indians (Haudenosaunee nations; specify),New York Indians (Haudenosaunee nations; specify): Seneca Nation of Indians; Tonawanda Seneca; Oneida; Onondaga; Cayuga; Tuscarora; Saint Regis Mohawk,HIGH: named in caption,adds: New York Indians (Haudenosaunee nations; specify),,,,,https://www.courtlistener.com/opinion/95025/united-states-v-new-york-indians/
1898-142,Price v. U.S.,1898,174 U.S. 373,Osage,,,,current only (caption names no tribe),,,,,https://www.courtlistener.com/opinion/95062/price-v-united-states-osage-indians/
1898-156,Stephens v. Cherokee Nation,1898,174 U.S. 445,"Cherokee Nation, Choctaw Nation, Chickasaw Nation, the Muscogee (or Creek) Nation, the Seminole Nation",Cherokee,Cherokee: Cherokee Nation; Eastern Band of Cherokee Indians; United Keetoowah Band,HIGH: named in caption,agrees,,,,,https://www.courtlistener.com/opinion/95076/stephens-v-cherokee-nation/
1899-001,Jones v. Meehan,1899,175 U.S. 1,Red Lake and Pembina bands of Chippewa Indians,,,,current only (caption names no tribe),,,,,https://www.courtlistener.com/opinion/95101/jones-v-meehan/
1899-005,U.S. v. De la Paz Valdez de Conway,1899,175 U.S. 60,,,,,,,,,,https://www.courtlistener.com/opinion/95105/united-states-v-conway/
1899-123,U.S. v. Parkhurst-Davis Mercantile Co.,1899,176 U.S. 317,Prairie band of Pottawatomie Indian,,,,current only (caption names no tribe),,,,,https://www.courtlistener.com/opinion/95183/united-states-v-parkhurst-davis-mercantile-co/
1899-203,John Bad Elk v. United States,1899,177 U.S. 529,,,,,,,,,,https://www.courtlistener.com/opinion/95265/bad-elk-v-united-states/
1899-061,Corralitos v. United States,1899,178 U.S. 280,,,,,,,,,,https://www.courtlistener.com/opinion/95299/corralitos-co-v-united-states/
1900-011,Good Shot v. United States,1900,179 U.S. 87,,,,,,,,,,https://www.courtlistener.com/opinion/95338/good-shot-v-united-states/
1900-013,U.S. v. Andrews,1900,179 U.S. 96,,,,,,,,,,https://www.courtlistener.com/opinion/95340/united-states-v-andrews/
1900-020,Contzen v. United States,1900,179 U.S. 191,Apache Band - unnamed,,,,current only (caption names no tribe),,,,,https://www.courtlistener.com/opinion/95347/contzen-v-united-states/
1900-051,U.S. v. Choctaw Nation,1900,179 U.S. 494,"Choctaw, Chickasaw, Wichita",Choctaw,Choctaw: Choctaw Nation of Oklahoma; Mississippi Band of Choctaw Indians; Jena Band of Choctaw,HIGH: named in caption,agrees,,,,,https://www.courtlistener.com/opinion/95378/united-states-v-choctaw-nation/
1900-108,Ansley v. Ainsworth,1900,180 U.S. 253,,,,,,,,,,https://www.courtlistener.com/opinion/95409/ansley-v-ainsworth/
1900-109,Montoya v. United States,1900,180 U.S. 261,Mescalaro Apache,,,,current only (caption names no tribe),,,,,https://www.courtlistener.com/opinion/95410/montoya-v-united-states/
1900-110,Conners v. United States,1900,180 U.S. 271,,,,,,,,,,https://www.courtlistener.com/opinion/95411/conners-v-united-states/
1900-186,Barker v. Harvey,1900,181 U.S. 481,California Mission Indians,,,,current only (caption names no tribe),,,,,https://www.courtlistener.com/opinion/95486/barker-v-harvey/
1901-123,Schrimpscher v. Stockton,1901,183 U.S. 290,Wyandotte,,,,current only (caption names no tribe),,,,,https://www.courtlistener.com/opinion/95547/schrimpscher-v-stockton/
1901-142,Midway Co. v. Eaton,1901,183 U.S. 602,Sioux Nation of Indians,,,,current only (caption names no tribe),,,,,https://www.courtlistener.com/opinion/95566/midway-co-v-eaton/
1901-143,Midway v. Eaton,1901,183 U.S. 619,,,,,,,,,,https://www.courtlistener.com/opinion/95567/midway-company-v-eaton/
1901-100,Lykins v. McGrath,1901,184 U.S. 169,,,,,,,,,,https://www.courtlistener.com/opinion/95589/lykins-v-mcgrath/
1901-038,Minnesota v. Hitchcock,1901,185 U.S. 373,,,,,,,,,,https://www.courtlistener.com/opinion/95660/minnesota-v-hitchcock/
1901-028,Nesbitt v. United States,1901,186 U.S. 153,,,,,,,,,,https://www.courtlistener.com/opinion/95676/nesbitt-v-united-states/
1901-178,Southwest Coal & Imp. Co. v. McBride,1901,185 U.S. 499,,,,,,,,,,https://www.courtlistener.com/opinion/95664/southwestern-coal-co-v-mcbride/
1901-179,McFaddin v. Evans-Snider-Buel Co.,1901,185 U.S. 505,,,,,,,,,,https://www.courtlistener.com/opinion/95665/mcfaddin-v-evans-snider-buel-co/
1901-163,Pine River Logging & Imp. Co. v. U.S.,1901,186 U.S. 279,,,,,,,,,,https://www.courtlistener.com/opinion/95691/pine-river-logging-co-v-united-states/
1902-022,Cherokee Nation v. Hitchcock,1902,187 U.S. 294,,Cherokee,Cherokee: Cherokee Nation; Eastern Band of Cherokee Indians; United Keetoowah Band,HIGH: named in caption,fills blank,,,,,https://www.courtlistener.com/opinion/95732/cherokee-nation-v-hitchcock/
1902-003,Pam-To-Pee v. U.S.,1902,187 U.S. 371,,,,,,,,,,https://www.courtlistener.com/opinion/95740/pam-to-pee-v-united-states/
1902-209,Lone Wolf v. Hitchcock,1902,187 U.S. 553,,,,,,,,,,https://www.courtlistener.com/opinion/95758/lone-wolf-v-hitchcock/
1902-063,U.S. v. Rickert,1902,188 U.S. 432,,,,,,,,,,https://www.courtlistener.com/opinion/95792/united-states-v-rickert/
1902-110,Winebrenner v. Forney,1902,189 U.S. 148,Cherokee Nation,,,,current only (caption names no tribe),,,,,https://www.courtlistener.com/opinion/95838/winebrenner-v-forney/
1902-128,Foster v. Pryor,1902,189 U.S. 325,,,,,,,,,,https://www.courtlistener.com/opinion/95856/foster-v-pryor/
1902-125,Onondaga Nation v. Thacher,1902,189 U.S. 306,,Onondaga Nation,,HIGH: named in caption,fills blank,,,,,https://www.courtlistener.com/opinion/95853/onondaga-nation-v-thacher/
1902-168,Blackfeather v. United States,1902,190 U.S. 368,,,,,,,,,,https://www.courtlistener.com/opinion/95907/blackfeather-v-united-states/
1903-045,Ex parte Joins,1903,191 U.S. 93,,,,,,,,,,https://www.courtlistener.com/opinion/95928/ex-parte-joins/
1903-212,U.S. v. California and Oregon Land Co.,1903,192 U.S. 355,Klamath Indian Reservation,,,,current only (caption names no tribe),,,,,https://www.courtlistener.com/opinion/1087661/united-states-v-california-oregon-land-co/
1903-207,U.S. v. Choctaw Nation,1903,193 U.S. 115,Choctaw Nation,Choctaw; Chickasaw Nation,Choctaw: Choctaw Nation of Oklahoma; Mississippi Band of Choctaw Indians; Jena Band of Choctaw,HIGH: named in caption,adds: Chickasaw Nation,,,,,https://www.courtlistener.com/opinion/96026/united-states-v-the-choctaw-nation-and-the-chickasaw-nation/
1903-208,Delaware Indians v. Cherokee Nation,1903,193 U.S. 127,,Cherokee; Delaware (Lenape),Cherokee: Cherokee Nation; Eastern Band of Cherokee Indians; United Keetoowah Band | Delaware (Lenape): Delaware Nation (Oklahoma); Delaware Tribe of Indians; Stockbridge-Munsee,HIGH: named in caption,fills blank,,,,,https://www.courtlistener.com/opinion/96027/delaware-indians-v-cherokee-nation/
1903-167,Gagnon v. United States,1903,193 U.S. 451,,,,,,,,,,https://www.courtlistener.com/opinion/96039/gagnon-v-united-states/
1903-156,Sloan v. U.S.,1903,193 U.S. 614,Omaha Indians,,,,current only (caption names no tribe),,,,,https://www.courtlistener.com/opinion/96055/sloan-v-united-states/
1903-136,Damon v. Hawaii,1903,194 U.S. 154,,,,,,,,,,https://www.courtlistener.com/opinion/96075/damon-v-hawaii/
1903-115,Morris v. Hitchcock,1903,194 U.S. 384,Cherokee Nation,,,,current only (caption names no tribe),,,,,https://www.courtlistener.com/opinion/96100/morris-v-hitchcock/
1903-117,Hy-yu-tse-mil-kin v. Smith,1903,194 U.S. 401,"Confederated bands of Cayuse, Walla Walla, and Umatilla Indians",,,,current only (caption names no tribe),,,,,https://www.courtlistener.com/opinion/96102/hy-yu-tse-mil-kin-v-smith/
1904-022,U.S. and Kiowa Indians v. Martinez,1904,195 U.S. 469,Ute Tribe & Kiowa Tribe,Kiowa Tribe,,HIGH: named in caption,agrees,,,,,https://www.courtlistener.com/opinion/96161/united-states-v-martinez/
1904-102,In re Heff,1904,197 U.S. 488,,,,,,,,,,https://www.courtlistener.com/opinion/96268/matter-of-heff/
1904-089,Dunbar v. Green,1904,198 U.S. 166,,,,,,,,,,https://www.courtlistener.com/opinion/96287/dunbar-v-green/
1904-073,U.S. v. Winans,1904,198 U.S. 371,Yakama Nation,,,,current only (caption names no tribe),,,,,https://www.courtlistener.com/opinion/96304/united-states-v-winans/
1905-054,Montana Catholic missions v. Missoula County,1905,200 U.S. 118,,,,,,,,,,https://www.courtlistener.com/opinion/96384/montana-catholic-missions-v-missoula-county/
1905-147,Wisconsin v. Hitchcock,1905,201 U.S. 202,,,,,,,,,,https://www.courtlistener.com/opinion/96435/wisconsin-v-hitchcock/
1905-100,State of Oregon v. Hitchcock,1905,202 U.S. 60,,,,,,,,,,https://www.courtlistener.com/opinion/96459/oregon-v-hitchcock/
1905-103,U.S. v. Cherokee Nation,1905,202 U.S. 101,Cherokee Nation/ Eastern Band of Cherokee Indians,Cherokee,Cherokee: Cherokee Nation; Eastern Band of Cherokee Indians; United Keetoowah Band,HIGH: named in caption,agrees,,,,,https://www.courtlistener.com/opinion/96462/united-states-v-cherokee-nation/
1905-129,Naganab v. Hitchcock,1905,202 U.S. 473,,,,,,,,,,https://www.courtlistener.com/opinion/96487/naganab-v-hitchcock/
1906-004,Red Bird v. U.S.,1906,203 U.S. 76,Cherokee Nation,Cherokee,Cherokee: Cherokee Nation; Eastern Band of Cherokee Indians; United Keetoowah Band,HIGH: named in caption,agrees,,,,,https://www.courtlistener.com/opinion/96503/cherokee-intermarriage-cases/
1906-014,Goudy v. Meath,1906,203 U.S. 146,Puyallup Tribe,,,,current only (caption names no tribe),,,,,https://www.courtlistener.com/opinion/96513/goudy-v-meath/
1906-022,Francis v. Francis,1906,203 U.S. 233,,,,,,,,,,https://www.courtlistener.com/opinion/96520/francis-v-francis/
1906-179,Walker v. McLoud,1906,204 U.S. 302,Choctaw Nation,,,,current only (caption names no tribe),,,,,https://www.courtlistener.com/opinion/96583/walker-v-mcloud/
1906-152,Kansas v. United States,1906,204 U.S. 331,,,,,,,,,,https://www.courtlistener.com/opinion/96587/kansas-v-united-states/
1906-158,Wallace v. Adams,1906,204 U.S. 415,,,,,,,,,,https://www.courtlistener.com/opinion/96593/wallace-v-adams/
1906-162,McKay v. Kalyton,1906,204 U.S. 458,,,,,,,,,,https://www.courtlistener.com/opinion/96597/mckay-v-kalyton/
1906-151,U.S. ex rel. West v. Hitchcock,1906,205 U.S. 80,,,,,,,,,,https://www.courtlistener.com/opinion/96622/united-states-ex-rel-west-v-hitchcock/
1906-071,Stewart v. U.S.,1906,206 U.S. 185,,,,,,,,,,https://www.courtlistener.com/opinion/96675/stewart-v-united-states/
1906-093,U.S. v. Paine Lumber Co.,1906,206 U.S. 467,,,,,,,,,,https://www.courtlistener.com/opinion/96697/united-states-v-paine-lumber-co/
1907-046,Winters v. U.S.,1907,207 U.S. 564,Fort Belknap Reservation (Gros Ventre & Assinboine),,,,current only (caption names no tribe),,,,,https://www.courtlistener.com/opinion/96748/winters-v-united-states/
1907-077,Dick v. United States,1907,208 U.S. 340,Nez Percé Indians.,,,,current only (caption names no tribe),,,,,https://www.courtlistener.com/opinion/96780/dick-v-united-states/
1907-094,Starr v. Campbell,1907,208 U.S. 527,Indian of the Chippewa Indians of the Lake Superior,,,,current only (caption names no tribe),,,,,https://www.courtlistener.com/opinion/96797/starr-v-campbell/
1907-099,U.S. v. Sisseton and Wahpeton Bands of Sioux Indians,1907,208 U.S. 561,Sisston and Wahpeton bands of Sioux Indians,Sioux (Oceti Sakowin),Sioux (Oceti Sakowin): Oglala Sioux Tribe; Rosebud Sioux Tribe; Cheyenne River Sioux Tribe; Standing Rock Sioux Tribe; Yankton Sioux Tribe; Sisseton-Wahpeton Oyate; Crow Creek Sioux Tribe; Lower Brule Sioux Tribe; Santee Sioux Nation; Flandreau Santee Sioux Tribe; Spirit Lake Tribe; Fort Peck Assiniboine & Sioux,HIGH: named in caption,agrees,,,,,https://www.courtlistener.com/opinion/96802/united-states-v-sisseton-and-wahpeton-bands-of-sioux-indians/
1907-109,Reuben Quick Bear v. Leupp,1907,210 U.S. 50,,,,,,,,,,https://www.courtlistener.com/opinion/96854/reuben-quick-bear-v-leupp/
1907-115,Sanderson v. U.S.,1907,210 U.S. 168,,,,,,,,,,https://www.courtlistener.com/opinion/96860/sanderson-v-united-states/
1908-020,Garfield v. United States ex rel. Goldsby,1908,211 U.S. 249,Choctaw,,,,current only (caption names no tribe),,,,,https://www.courtlistener.com/opinion/96897/garfield-v-united-states-ex-rel-goldsby/
1908-021,Garfield v. United States ex rel. Allison,1908,211 U.S. 264,Cherokee,,,,current only (caption names no tribe),,,,,https://www.courtlistener.com/opinion/96898/garfield-v-united-states-ex-rel-allison/
1908-102,Toy Toy v. Hopkins,1908,212 U.S. 542,,,,,,,,,,https://www.courtlistener.com/opinion/2620778/toy-toy-v-hopkins/
1908-202,U.S. Fidelity & Guaranty Co. v. U.S.,1908,214 U.S. 507,,,,,,,,,,https://www.courtlistener.com/opinion/97083/united-states-fidelity-guaranty-co-v-united-states/
1909-006,Fleming v. McCurtain,1909,215 U.S. 56,Choctaw & Chickasaw,,,,current only (caption names no tribe),,,,,https://www.courtlistener.com/opinion/97089/fleming-v-mccurtain/
1909-032,U.S. v. Celestine,1909,215 U.S. 278,Tulalip,,,,current only (caption names no tribe),,,,,https://www.courtlistener.com/opinion/97114/united-states-v-celestine/
1909-033,U.S. v. Sutton,1909,215 U.S. 291,Yakama,,,,current only (caption names no tribe),,,,,https://www.courtlistener.com/opinion/97115/united-states-v-sutton/
1909-061,Conley v. Ballinger,1909,216 U.S. 84,Wyandotte,,,,current only (caption names no tribe),,,,,https://www.courtlistener.com/opinion/97153/conley-v-ballinger/
1909-076,Ballinger v. United States ex rel. Frost,1909,216 U.S. 240,Choctaw,,,,current only (caption names no tribe),,,,,https://www.courtlistener.com/opinion/97168/ballinger-v-united-states-ex-rel-frost/
1909-099,Pickett v. U.S.,1909,216 U.S. 456,Osage,,,,current only (caption names no tribe),,,,,https://www.courtlistener.com/opinion/97191/pickett-v-united-states/
1909-113,Williams v. First Nat. Bank,1909,216 U.S. 582,,,,,,,,,,https://www.courtlistener.com/opinion/97205/williams-v-first-nat-bank-of-pauls-valley/
1909-148,Owen v. Dudley & Michener,1909,217 U.S. 488,,,,,,,,,,https://www.courtlistener.com/opinion/97251/owen-v-dudley-michener/
1910-050,Hendrix v. United States,1910,219 U.S. 79,Choctaw & Chickasaw,,,,current only (caption names no tribe),,,,,https://www.courtlistener.com/opinion/97335/hendrix-v-united-states/
1910-071,Muskrat v. United States,1910,219 U.S. 346,Cherokee,,,,current only (caption names no tribe),,,,,https://www.courtlistener.com/opinion/97356/muskrat-v-united-states/
1910-089,In re Eastern Cherokees,1910,220 U.S. 83,Eastern Cherokee,Cherokee,Cherokee: Cherokee Nation; Eastern Band of Cherokee Indians; United Keetoowah Band,HIGH: named in caption,agrees,,,,,https://www.courtlistener.com/opinion/97375/matter-of-eastern-cherokees/
1910-103,"OK ex rel. West v. Gulf, C. & S. F. R. Co.",1910,220 U.S. 290,,,,,,,,,,https://www.courtlistener.com/opinion/97389/oklahoma-ex-rel-west-attorney-general-v-gulf-colorado-santa-fe/
1910-118,Sac and Fox Indians of the Mississippi in Iowa v. Sac and Fox Indians of the Mississippi in Oklahoma,1910,220 U.S. 481,"Sac and Fox Indians of the Mississippi in Iowa, against the Sacs and Foxes in Oklahoma",Sac and Fox,Sac and Fox: Sac & Fox Nation (Oklahoma); Sac & Fox Tribe of the Mississippi in Iowa (Meskwaki); Sac & Fox Nation of Missouri,HIGH: named in caption,agrees,,,,,https://www.courtlistener.com/opinion/97404/sac-fox-indians-of-mississippi-in-iowa-v-sac-fox-indians-of/
1910-140,Tiger v. Western Inv. Co.,1910,221 U.S. 286,Muscogee (Creek) Nation,,,,current only (caption names no tribe),,,,,https://www.courtlistener.com/opinion/97425/tiger-v-western-investment-co/
1910-141,Hallowell v. United States,1910,221 U.S. 317,Omaha,,,,current only (caption names no tribe),,,,,https://www.courtlistener.com/opinion/97426/hallowell-v-united-states/
1911-011,U.S. ex rel. Turner v. Fisher,1911,222 U.S. 204,Muscogee (Creek) Nation,,,,current only (caption names no tribe),,,,,https://www.courtlistener.com/opinion/97487/united-states-ex-rel-turner-v-fisher/
1911-133,U.S. ex rel. Lowe v. Fisher,1911,223 U.S. 95,Cherokee,,,,current only (caption names no tribe),,,,,https://www.courtlistener.com/opinion/97536/united-states-ex-rel-lowe-v-fisher/
1911-134,Cherokee Nation v. Whitmire,1911,223 U.S. 108,,Cherokee,Cherokee: Cherokee Nation; Eastern Band of Cherokee Indians; United Keetoowah Band,HIGH: named in caption,fills blank,,,,,https://www.courtlistener.com/opinion/97537/cherokee-nation-united-states-v-whitmire/
1911-141,Jacobs v. Prichard,1911,223 U.S. 200,Puyallup Tribe,,,,current only (caption names no tribe),,,,,https://www.courtlistener.com/opinion/97543/jacobs-v-prichard/
1911-142,Fairbanks v. United States,1911,223 U.S. 215,Chippewa Indians - White Earth Reservation,,,,current only (caption names no tribe),,,,,https://www.courtlistener.com/opinion/97544/fairbanks-v-united-states/
1911-217,Heckman v. United States,1911,224 U.S. 413,Cherokee Nation,,,,current only (caption names no tribe),,,,,https://www.courtlistener.com/opinion/97616/heckman-v-united-states/
1911-218,Mullen v. United States,1911,224 U.S. 448,Choctaw Nation,,,,current only (caption names no tribe),,,,,https://www.courtlistener.com/opinion/97617/mullen-v-united-states/
1911-219,Goat v. United States,1911,224 U.S. 458,Seminole (Freedmen),,,,current only (caption names no tribe),,,,,https://www.courtlistener.com/opinion/97618/goat-v-united-states/
1911-220,Deming Inv. Co. v. United States,1911,224 U.S. 471,Seminole (Freedmen),,,,current only (caption names no tribe),,,,,https://www.courtlistener.com/opinion/97619/deming-investment-co-v-united-states/
1911-238,Gritts v. Fisher,1911,224 U.S. 640,,,,,,,,,,https://www.courtlistener.com/opinion/97637/gritts-v-fisher/
1911-240,Choate v. Trapp,1911,224 U.S. 665,Choctaw & Chickasaw,,,,current only (caption names no tribe),,,,,https://www.courtlistener.com/opinion/97639/choate-v-trapp/
1911-241,Gleason v. Wood,1911,224 U.S. 679,,,,,,,,,,https://www.courtlistener.com/opinion/97640/gleason-v-wood/
1911-242,English v. Richardson,1911,224 U.S. 680,Muscogee Creek Nation,,,,current only (caption names no tribe),,,,,https://www.courtlistener.com/opinion/97641/english-v-richardson/
1911-089,Shulthis v. McDougal,1911,225 U.S. 561,Muscogee Creek Nation,,,,current only (caption names no tribe),,,,,https://www.courtlistener.com/opinion/97678/shulthis-v-mcdougal/
1911-090,Eastern Cherokees v. United States,1911,225 U.S. 572,Eastern Cherokee Nation and Cherokee Nation,Cherokee,Cherokee: Cherokee Nation; Eastern Band of Cherokee Indians; United Keetoowah Band,HIGH: named in caption,agrees,,,,,https://www.courtlistener.com/opinion/97679/eastern-cherokees-v-united-states/
1911-088,Clairmont v. United States,1911,225 U.S. 551,Flathead Indian Reservation,,,,current only (caption names no tribe),,,,,https://www.courtlistener.com/opinion/97677/clairmont-v-united-states/
1911-091,Kindred v. Union P. R. Co.,1911,225 U.S. 582,Delaware Tribe,,,,current only (caption names no tribe),,,,,https://www.courtlistener.com/opinion/97680/kindred-v-union-pacific-railroad/
1911-098,Ex Parte Webb,1911,225 U.S. 663,Cherokee Nation,,,,current only (caption names no tribe),,,,,https://www.courtlistener.com/opinion/97687/ex-parte-webb/
1912-100,Northern P. R. Co. v. U.S.,1912,227 U.S. 355,Yakama Indian Reservation,,,,current only (caption names no tribe),,,,,https://www.courtlistener.com/opinion/97787/northern-pacific-railway-co-v-united-states/
1912-122,Ross v. Stewart,1912,227 U.S. 530,Cherokee Nation,,,,current only (caption names no tribe),,,,,https://www.courtlistener.com/opinion/97809/ross-v-stewart/
1912-130,Starr v. Long Jim,1912,227 U.S. 613,Columbia Indian Reservation,,,,current only (caption names no tribe),,,,,https://www.courtlistener.com/opinion/97817/starr-v-long-jim/
1912-137,U.S. ex rel. knight v. Lane,1912,228 U.S. 6,Cherokee Nation,,,,current only (caption names no tribe),,,,,https://www.courtlistener.com/opinion/97824/united-states-ex-rel-knight-v-lane/
1912-142,U.S. v. Anderson,1912,228 U.S. 52,,,,,,,,,,https://www.courtlistener.com/opinion/97829/united-states-v-anderson/
1912-161,Donnelly v. United States,1912,228 U.S. 243,Klamath tribe,,,,current only (caption names no tribe),,,,,https://www.courtlistener.com/opinion/97847/donnelly-v-united-states/
1912-230,U.S. v. Wright,1912,229 U.S. 226,,,,,,,,,,https://www.courtlistener.com/opinion/97915/united-states-v-wright/
1912-207,Donnelly v. United States,1912,228 U.S. 708,Klamath tribe,,,,current only (caption names no tribe),,,,,https://www.courtlistener.com/opinion/97892/donnelly-v-united-states/
1912-255,U.S. v. Mille Lac Band of Chippewa Indians,1912,229 U.S. 498,Mille Lac Band of Chippewa Indians,Ojibwe (Chippewa),"Ojibwe (Chippewa): Minnesota Chippewa Tribe (White Earth, Leech Lake, Mille Lacs, Fond du Lac, Bois Forte, Grand Portage); Red Lake Band; Lac du Flambeau Band; Lac Courte Oreilles; Bad River; Bay Mills Indian Community; Sault Ste. Marie Tribe; Saginaw Chippewa; Keweenaw Bay; Turtle Mountain Band",HIGH: named in caption,agrees,,,,,https://www.courtlistener.com/opinion/2620997/united-states-v-mille-lac-band-of-chippewa-indians-in-minn/
1913-059,U.S. v. Sandoval,1913,231 U.S. 28,Santa Clara Pueblo,,,,current only (caption names no tribe),,,,,https://www.courtlistener.com/opinion/97976/united-states-v-sandoval/
1913-036,Monson v. Simonson,1913,231 U.S. 341,,,,,,,,,,https://www.courtlistener.com/opinion/98007/monson-v-simonson/
1913-274,Tinker v. Midland Valley Mercantile Co.,1913,231 U.S. 681,Osage Nation,,,,current only (caption names no tribe),,,,,https://www.courtlistener.com/opinion/98044/tinker-v-midland-valley-mercantile-co/
1913-292,Ross v. Day,1913,232 U.S. 110,Cherokee Nation,,,,current only (caption names no tribe),,,,,https://www.courtlistener.com/opinion/98063/ross-v-day/
1913-233,U.S. v. Pelican,1913,232 U.S. 442,Colville Tribe,,,,current only (caption names no tribe),,,,,https://www.courtlistener.com/opinion/98100/united-states-v-pelican/
1913-236,Thurston v. U.S.,1913,232 U.S. 469,Ute Tribe,,,,current only (caption names no tribe),,,,,https://www.courtlistener.com/opinion/98103/thurston-v-united-states/
1913-237,Perrin v. U.S.,1913,232 U.S. 478,Yankton tribe of Sioux Indians,,,,current only (caption names no tribe),,,,,https://www.courtlistener.com/opinion/1694995/perrin-v-united-states/
1913-238,Pronovost v. U.S.,1913,232 U.S. 487,Flathead Indian Reservation,,,,current only (caption names no tribe),,,,,https://www.courtlistener.com/opinion/98105/pronovost-v-united-states/
1913-209,U.S. ex rel. Brown v. Lane,1913,232 U.S. 598,Osage Nation,,,,current only (caption names no tribe),,,,,https://www.courtlistener.com/opinion/98116/united-states-ex-rel-brown-v-lane/
1913-185,U.S. v. Birdsall,1913,233 U.S. 223,,,,,,,,,,https://www.courtlistener.com/opinion/98150/united-states-v-birdsall/
1913-189,Franklin v. Lynch,1913,233 U.S. 269,Choctaw Nation,,,,current only (caption names no tribe),,,,,https://www.courtlistener.com/opinion/98154/franklin-v-lynch/
1913-147,Bowling v. United States,1913,233 U.S. 528,"the confederated Wea, Peoria, Kaskaskia, and Piankeshaw tribes of Indians",,,,current only (caption names no tribe),,,,,https://www.courtlistener.com/opinion/98176/bowling-miami-investment-co-v-united-states/
1913-135,Green v. Menominee Tribe of Indians of Wisconsin,1913,233 U.S. 558,Menominee Tribe of Indian,Menominee Indian Tribe of Wisconsin,,HIGH: named in caption,agrees,,,,,https://www.courtlistener.com/opinion/98179/green-v-menominee-tribe/
1913-138,Apapas v. United States,1913,233 U.S. 587,Cahuilla Indian Reservation,,,,current only (caption names no tribe),,,,,https://www.courtlistener.com/opinion/98182/apapas-v-united-states/
1913-090,Mullen v. Simmons,1913,234 U.S. 192,Choctaw,,,,current only (caption names no tribe),,,,,https://www.courtlistener.com/opinion/98218/mullen-v-simmons/
1913-096,"U.S. v. First Nat. Bank of Detroit, Minn.",1913,234 U.S. 245,White Earth Reservation,,,,current only (caption names no tribe),,,,,https://www.courtlistener.com/opinion/98224/united-states-v-first-nat-bank-of-detroit/
1913-111,Johnson v. Gearlds,1913,234 U.S. 422,,,,,,,,,,https://www.courtlistener.com/opinion/98239/johnson-v-gearlds/
1914-032,Missouri K. & T. R. Co. v. United States,1914,235 U.S. 37,Five Civilized Tribes,,,,current only (caption names no tribe),,,,,https://www.courtlistener.com/opinion/98271/missouri-kansas-texas-railway-co-v-united-states/
1914-024,Taylor v. Parker,1914,235 U.S. 42,Chickasaw Nation,,,,current only (caption names no tribe),,,,,https://www.courtlistener.com/opinion/98272/taylor-v-parker/
1914-028,U.S. v. Bartlett,1914,235 U.S. 72,Muscogee (Creek) Nation,,,,current only (caption names no tribe),,,,,https://www.courtlistener.com/opinion/98276/united-states-v-bartlett/
1914-003,Sage v. Hampe,1914,235 U.S. 99,Pottawatomie tribe,,,,current only (caption names no tribe),,,,,https://www.courtlistener.com/opinion/98279/sage-v-hampe/
1914-011,Skelton v. Dill,1914,235 U.S. 206,Muscogee (Creek) Nation,,,,current only (caption names no tribe),,,,,https://www.courtlistener.com/opinion/98286/skelton-v-dill/
1914-021,"Choctaw, O. & G. R. Co. v. Harrison",1914,235 U.S. 292,Choctaw and Chickasaw Nations,Choctaw,Choctaw: Choctaw Nation of Oklahoma; Mississippi Band of Choctaw Indians; Jena Band of Choctaw,"LOW: tribal word is part of a place, company, or person name",current only (caption names no tribe),,,,,https://www.courtlistener.com/opinion/98296/choctaw-oklahoma-gulf-railroad-v-harrison/
1914-046,Adkins v. Arnold,1914,235 U.S. 417,Muscogee (Creek) Nation,,,,current only (caption names no tribe),,,,,https://www.courtlistener.com/opinion/98311/adkins-v-arnold/
1914-047,Washington v. Miller,1914,235 U.S. 422,Muscogee (Creek) Nation,,,,current only (caption names no tribe),,,,,https://www.courtlistener.com/opinion/98312/washington-v-miller/
1914-037,Sizemore v. Brady,1914,235 U.S. 441,Muscogee (Creek) Nation,,,,current only (caption names no tribe),,,,,https://www.courtlistener.com/opinion/98315/sizemore-v-brady/
1914-250,Reynolds v. Fewell,1914,236 U.S. 58,Muscogee (Creek) Nation,,,,current only (caption names no tribe),,,,,https://www.courtlistener.com/opinion/98340/reynolds-v-fewell/
1914-251,Shellenbarger v. Fewell,1914,236 U.S. 68,Muscogee (Creek) Nation,,,,current only (caption names no tribe),,,,,https://www.courtlistener.com/opinion/98341/shellenbarger-v-fewell/
1914-210,Truskett v. Closser,1914,236 U.S. 223,Cherokee Nation,,,,current only (caption names no tribe),,,,,https://www.courtlistener.com/opinion/98361/truskett-v-closser/
1914-234,Joplin Mercantile Co. v. United States,1914,236 U.S. 531,,,,,,,,,,https://www.courtlistener.com/opinion/98384/joplin-mercantile-co-v-united-states/
1914-059,Henkel v. United States,1914,237 U.S. 43,Blackfeet Indian Reservation,,,,current only (caption names no tribe),,,,,https://www.courtlistener.com/opinion/98413/henkel-v-united-states/
1914-062,U.S. v. Noble,1914,237 U.S. 74,Quapaw Tribe,,,,current only (caption names no tribe),,,,,https://www.courtlistener.com/opinion/1115307/united-states-v-noble/
1914-092,McDougal v. McKay,1914,237 U.S. 372,Muscogee (Creek) Nation,,,,current only (caption names no tribe),,,,,https://www.courtlistener.com/opinion/98445/mcdougal-v-mckay/
1914-093,Pigeon v. Buck,1914,237 U.S. 386,Muscogee (Creek) Nation,,,,current only (caption names no tribe),,,,,https://www.courtlistener.com/opinion/98446/pigeon-v-buck/
1914-158,Perryman v. Woodward,1914,238 U.S. 148,Muscogee (Creek) Nation,,,,current only (caption names no tribe),,,,,https://www.courtlistener.com/opinion/98499/perryman-v-woodward/
1914-169,Woodward v De Graffenried,1914,238 U.S. 284,,,,,,,,,,https://www.courtlistener.com/opinion/98512/woodward-v-de-graffenried/
1915-052,La Roque v. United States,1915,239 U.S. 62,Chippewa,,,,current only (caption names no tribe),,,,,https://www.courtlistener.com/opinion/98549/la-roque-v-united-states/
1915-028,Porter v. Wilson,1915,239 U.S. 170,Muscogee (Creek) Nation,,,,current only (caption names no tribe),,,,,https://www.courtlistener.com/opinion/98565/porter-v-wilson/
1915-004,Williams v. Johnson,1915,239 U.S. 414,Choctaw Nation,,,,current only (caption names no tribe),,,,,https://www.courtlistener.com/opinion/98593/williams-v-johnson/
1915-232,Hallowell v. Commons,1915,239 U.S. 506,Omaha Tribe,,,,current only (caption names no tribe),,,,,https://www.courtlistener.com/opinion/98607/hallowell-v-commons/
1915-122,Johnson v. Riddle,1915,240 U.S. 467,Chicasaw Nation,,,,current only (caption names no tribe),,,,,https://www.courtlistener.com/opinion/98684/johnson-v-riddle/
1915-128,Indian Territory Illuminating Oil Co. v. OK,1915,240 U.S. 522,Osage Tribe,,,GENERIC: caption mentions a tribal party but no name matched,current only (caption names no tribe),,,,,https://www.courtlistener.com/opinion/98689/indian-territory-illuminating-oil-co-v-oklahoma/
1915-181,Lane v. United States,1915,241 U.S. 201,Winnebago Tribe,,,,current only (caption names no tribe),,,,,https://www.courtlistener.com/opinion/98732/lane-v-united-states-ex-rel-mickadiet/
1915-165,U.S. v. Hemmer,1915,241 U.S. 379,Santee Sioux Band of Indians,,,,current only (caption names no tribe),,,,,https://www.courtlistener.com/opinion/98753/united-states-v-hemmer/
1915-170,Levindale Lead & Zinc Min. Co. v. Coleman,1915,241 U.S. 432,Osage Tribe,,,,current only (caption names no tribe),,,,,https://www.courtlistener.com/opinion/98758/levindale-lead-zinc-mining-co-v-coleman/
1915-150,Lancaster v. Kathleen Oil Co.,1915,241 U.S. 551,Muscogee (Creek) Nation,,,,current only (caption names no tribe),,,,,https://www.courtlistener.com/opinion/98772/lancaster-v-kathleen-oil-co/
1915-151,People of State of New York ex rel. Kennedy v. Becker,1915,241 U.S. 556,Seneca Tribe,,,,current only (caption names no tribe),,,,,https://www.courtlistener.com/opinion/98773/new-york-ex-rel-kennedy-v-becker/
1915-157,U.S. v. Nice,1915,241 U.S. 591,Sioux Tribe,,,,current only (caption names no tribe),,,,,https://www.courtlistener.com/opinion/98779/united-states-v-nice/
1915-158,U.S. v. Quiver,1915,241 U.S. 602,Sioux Tribe,,,,current only (caption names no tribe),,,,,https://www.courtlistener.com/opinion/98780/united-states-v-quiver/
1916-201,Hill v. Reynolds,1916,242 U.S. 361,Choctaw and Chickasaw,,,,current only (caption names no tribe),,,,,https://www.courtlistener.com/opinion/1087915/hill-v-reynolds/
1916-203,Dickson v. Luck Land Co.,1916,242 U.S. 371,White Earth Reservation/Chippewa,,,,current only (caption names no tribe),,,,,https://www.courtlistener.com/opinion/98840/dickson-v-luck-land-co/
1916-205,Harnage v. Martin,1916,242 U.S. 386,Cherokee Nation,,,,current only (caption names no tribe),,,,,https://www.courtlistener.com/opinion/98842/harnage-v-martin/
1916-211,Williams v. City of Chicago,1916,242 U.S. 434,Pottawatomie Indians,,,,current only (caption names no tribe),,,,,https://www.courtlistener.com/opinion/98848/williams-v-city-of-chicago/
1916-147,Wellsville Oil Co. v. Miller,1916,243 U.S. 6,,,,,,,,,,https://www.courtlistener.com/opinion/98868/wellsville-oil-co-v-miller/
1916-161,Gannon v. Johnston,1916,243 U.S. 108,Chickasaw Nation,,,,current only (caption names no tribe),,,,,https://www.courtlistener.com/opinion/98882/gannon-v-johnston/
1916-134,U.S. v. Waller,1916,243 U.S. 452,White Earth Reservation/Chippewa,,,,current only (caption names no tribe),,,,,https://www.courtlistener.com/opinion/98912/united-states-v-waller/
1916-135,U.S. v. Rowell,1916,243 U.S. 464,Kiowa Tribe,,,,current only (caption names no tribe),,,,,https://www.courtlistener.com/opinion/98913/united-states-v-rowell/
1916-065,U.S. v. Wildcat,1916,244 U.S. 111,Muscogee (Creek) Nation,,,,current only (caption names no tribe),,,,,https://www.courtlistener.com/opinion/98947/united-states-v-wildcat/
1916-114,Lanham v. McKeel,1916,244 U.S. 582,Choctaw Nation,,,,current only (caption names no tribe),,,,,https://www.courtlistener.com/opinion/98997/lanham-v-mckeel/
1917-041,U.S. v. Chase,1917,245 U.S. 89,Omaha Indians,,,,current only (caption names no tribe),,,,,https://www.courtlistener.com/opinion/99015/united-states-v-chase/
1917-007,Sweet v. Schock,1917,245 U.S. 192,Muscogee (Creek) Nation,,,,current only (caption names no tribe),,,,,https://www.courtlistener.com/opinion/99032/sweet-v-schock/
1917-018,Duncan Townsite Co. v. Lane,1917,245 U.S. 308,,,,,,,,,,https://www.courtlistener.com/opinion/99043/duncan-townsite-co-v-lane/
1917-209,WI v. Lane,1917,245 U.S. 427,Menominee Indians,,,,current only (caption names no tribe),,,,,https://www.courtlistener.com/opinion/99059/wisconsin-v-lane/
1917-210,U.S. v. J. S. Stearns Lumber Co.,1917,245 U.S. 436,Lake Superior Chippewa Indians,,,,current only (caption names no tribe),,,,,https://www.courtlistener.com/opinion/99060/united-states-v-j-s-stearns-lumber-co/
1917-060,Brader v. James,1917,246 U.S. 88,Choctaw Nation,,,,current only (caption names no tribe),,,,,https://www.courtlistener.com/opinion/99097/brader-v-james/
1917-062,Talley v. Burgess,1917,246 U.S. 104,Cherokee Nation,,,,current only (caption names no tribe),,,,,https://www.courtlistener.com/opinion/99099/talley-v-burgess/
1917-063,Anicker v. Gunsburg,1917,246 U.S. 110,Muscogee (Creek) Nation,,,,current only (caption names no tribe),,,,,https://www.courtlistener.com/opinion/99100/anicker-v-gunsburg/
1917-072,Lane v. Morrison,1917,246 U.S. 214,Minnesota Chippewa Indians,,,,current only (caption names no tribe),,,,,https://www.courtlistener.com/opinion/99110/lane-v-morrison/
1917-074,Egan v. McDonald,1917,246 U.S. 227,,,,,,,,,,https://www.courtlistener.com/opinion/99112/egan-v-mcdonald/
1917-078,Bilby v. Stewart,1917,246 U.S. 255,Muscogee (Creek) Nation,,,,current only (caption names no tribe),,,,,https://www.courtlistener.com/opinion/99116/bilby-v-stewart/
1917-080,McCurdy v. United States,1917,246 U.S. 263,Osage Tribe,,,,current only (caption names no tribe),,,,,https://www.courtlistener.com/opinion/99118/mccurdy-v-united-states/
1917-083,Northern P. R. Co. v. Wismer,1917,246 U.S. 283,Spokane Tribe,,,,current only (caption names no tribe),,,,,https://www.courtlistener.com/opinion/99121/northern-pacific-railway-co-v-wismer/
1917-111,U.S. v. Soldana,1917,246 U.S. 530,Crow Tribe,,,,current only (caption names no tribe),,,,,https://www.courtlistener.com/opinion/99149/united-states-v-soldana/
1917-160,Carney v. Chapman,1917,247 U.S. 102,Chickasaw Nation,,,,current only (caption names no tribe),,,,,https://www.courtlistener.com/opinion/99170/carney-v-chapman/
1917-167,U.S. v. Ferguson,1917,247 U.S. 175,Muscogee (Creek) Nation,,,,current only (caption names no tribe),,,,,https://www.courtlistener.com/opinion/99177/united-states-v-ferguson/
1917-139,Jefferson v. Fink,1917,247 U.S. 288,Muscogee (Creek) Nation,,,,current only (caption names no tribe),,,,,https://www.courtlistener.com/opinion/99192/jefferson-v-fink/
1918-016,Alaska Pacific Fisheries Co. v. United States,1918,248 U.S. 78,Metlakatla Indian Community,,,,current only (caption names no tribe),,,,,https://www.courtlistener.com/opinion/99230/alaska-pacific-fisheries-v-united-states/
1918-007,Campbell v. Wadsworth,1918,248 U.S. 169,Seminole Tribe & Muscogee Creek Nation,,,,current only (caption names no tribe),,,,,https://www.courtlistener.com/opinion/99243/campbell-v-wadsworth/
1918-227,Turner v. U.S.,1918,248 U.S. 354,Muscogee (Creek) Nation,,,,current only (caption names no tribe),,,,,https://www.courtlistener.com/opinion/99262/turner-v-united-states/
1918-204,Fink v. Board of County Comm'rs,1918,248 U.S. 399,Muscogee (Creek) Nation,Muscogee (Creek) Nation,Muscogee (Creek) Nation: Muscogee (Creek) Nation; Poarch Band of Creek Indians,HIGH: named in caption,agrees,,,,,https://www.courtlistener.com/opinion/99271/fink-v-board-of-commrs-of-muskogee-cty/
1918-177,Lane v. Pueblo of Santa Rosa,1918,249 U.S. 110,Pueblo of Santa Rosa,Pueblo,"Pueblo: Specify the pueblo (e.g., Santa Clara, Isleta, Zia, Laguna, Acoma, Taos, Santa Ana, Ysleta del Sur)",HIGH: named in caption,agrees,,,,,https://www.courtlistener.com/opinion/99305/lane-v-pueblo-of-santa-rosa/
1918-187,Gilcrease v. McCulough,1918,249 U.S. 178,Muscogee (Creek) Nation,,,,current only (caption names no tribe),,,,,https://www.courtlistener.com/opinion/99315/gilcrease-v-mccullough/
1918-190,Seufert Bros. Co. v. U.S.,1918,249 U.S. 194,Yakama Indian Nation,,,,current only (caption names no tribe),,,,,https://www.courtlistener.com/opinion/99318/seufert-bros-v-united-states-ex-rel-confederated-tribes-bands/
1918-141,Miller v. McClain,1918,249 U.S. 308,Prairie Band of the Pottawatomies,,,,current only (caption names no tribe),,,,,https://www.courtlistener.com/opinion/99334/miller-v-mcclain/
1918-046,Kenny v. Miles,1918,250 U.S. 58,Osage Tribe,,,,current only (caption names no tribe),,,,,https://www.courtlistener.com/opinion/99392/kenny-v-miles/
1918-047,Parker v. Riley,1918,250 U.S. 66,Muscogee (Creek) Nation,,,,current only (caption names no tribe),,,,,https://www.courtlistener.com/opinion/99393/parker-v-riley/
1918-054,U.S. v. Reynolds,1918,250 U.S. 104,Shawnee Tribe of Indians of Oklahoma,,,,current only (caption names no tribe),,,,,https://www.courtlistener.com/opinion/99400/united-states-v-reynolds/
1918-072,Parker v. Richard,1918,250 U.S. 235,Muscogee (Creek) Nation,,,,current only (caption names no tribe),,,,,https://www.courtlistener.com/opinion/99417/parker-v-richard/
1919-010,Mullen v. Pickens,1919,250 U.S. 590,Choctaw and Chickasaw Nations,,,,current only (caption names no tribe),,,,,https://www.courtlistener.com/opinion/99457/mullen-v-pickens/
1919-017,"U.S. v. Board of Com'rs, of Osage County, Okl.",1919,251 U.S. 128,Osage Tribe,Osage Nation,,HIGH: named in caption,agrees,,,,,https://www.courtlistener.com/opinion/99479/united-states-v-board-of-commrs-of-osage-cty/
1919-160,Rex v. U.S.,1919,251 U.S. 382,Ute Tribe,,,,current only (caption names no tribe),,,,,https://www.courtlistener.com/opinion/99505/rex-v-united-states/
1919-156,Ash Sheep Co. v. U.S.,1919,252 U.S. 159,Crow Indians,,,,current only (caption names no tribe),,,,,https://www.courtlistener.com/opinion/99538/ash-sheep-co-v-united-states/
1919-039,Ward v. Board of County Comm'rs,1919,253 U.S. 17,Choctaw Nation,,,,current only (caption names no tribe),,,,,https://www.courtlistener.com/opinion/99581/ward-v-board-of-commrs-of-love-cty/
1919-087,Broadwell v. Board of County Comm'rs,1919,253 U.S. 25,,,,,,,,,,https://www.courtlistener.com/opinion/99582/broadwell-v-board-of-commrs-of-carter-cty/
1919-050,U.S. ex rel. Johnson v. Payne,1919,253 U.S. 209,Muscogee (Creek) Nation,,,,current only (caption names no tribe),,,,,https://www.courtlistener.com/opinion/99603/united-states-ex-rel-johnson-v-payne/
1919-059,U.S. v. Omaha Tribe of Indians,1919,253 U.S. 275,Omaha Tribe of Indians,Omaha Tribe of Nebraska,,HIGH: named in caption,agrees,,,,,https://www.courtlistener.com/opinion/99612/united-states-v-omaha-tribe-of-indians/
1919-045,Nadeau v. Union Pac. R. Co.,1919,253 U.S. 442,Pottawatomie Indians,,,,current only (caption names no tribe),,,,,https://www.courtlistener.com/opinion/99624/nadeau-v-union-pacific-railroad/
1920-034,Harris v. Bell,1920,254 U.S. 103,Muscogee (Creek) Nation,,,,current only (caption names no tribe),,,,,https://www.courtlistener.com/opinion/99647/harris-v-bell/
1920-213,Louie v. United States,1920,254 U.S. 548,Coer D'alene Reservation,,,,current only (caption names no tribe),,,,,https://www.courtlistener.com/opinion/99697/louie-v-united-states/
1920-204,La Motte v. United States,1920,254 U.S. 570,Osage Tribe,,,,current only (caption names no tribe),,,,,https://www.courtlistener.com/opinion/99700/la-motte-v-united-states/
1920-156,Winton v. Amos,1920,255 U.S. 373,MIssissippi Choctaw & Choctaw Nations,,,,current only (caption names no tribe),,,,,https://www.courtlistener.com/opinion/99754/winton-v-amos/
1920-120,Chase v. United States,1920,256 U.S. 1,Omaha Tribe of Indians,,,,current only (caption names no tribe),,,,,https://www.courtlistener.com/opinion/99771/chase-v-united-states/
1920-121,Gilpin v. United States,1920,256 U.S. 10,Omaha Tribe of Indians,,,,current only (caption names no tribe),,,,,https://www.courtlistener.com/opinion/99772/gilpin-v-united-states/
1920-114,Privett v. U.S.,1920,256 U.S. 201,Muscogee (Creek) Nation,,,,current only (caption names no tribe),,,,,https://www.courtlistener.com/opinion/99791/privett-v-united-states/
1920-091,Blanset v. Cardin,1920,256 U.S. 319,Quapaw Tribe,,,,current only (caption names no tribe),,,,,https://www.courtlistener.com/opinion/99799/blanset-v-cardin/
1920-056,U.S. v. Hutto,1920,256 U.S. 530,,,,,,,,,,https://www.courtlistener.com/opinion/8182388/united-states-v-hutto/
1920-070,Garland's Heirs v. Choctaw Nation,1920,256 U.S. 439,Choctaw Nation,Choctaw,Choctaw: Choctaw Nation of Oklahoma; Mississippi Band of Choctaw Indians; Jena Band of Choctaw,HIGH: named in caption,agrees,,,,,https://www.courtlistener.com/opinion/99817/heirs-of-garland-v-choctaw-nation/
1920-075,U.S. v. Bowling,1920,256 U.S. 484,"Confederated Wea, Peoria, Kaskaskia, and Piankeshaw Tribes of Indians",,,,current only (caption names no tribe),,,,,https://www.courtlistener.com/opinion/99823/united-states-v-bowling/
1920-079,Anchor Oil Co. v. Gray,1920,256 U.S. 519,Muscogee (Creek) Nation,,,,current only (caption names no tribe),,,,,https://www.courtlistener.com/opinion/99827/anchor-oil-co-v-gray/
1920-080,U.S. v. Hutto,1920,256 U.S. 524,,,,,,,,,,https://www.courtlistener.com/opinion/99828/united-states-v-hutto/
1920-081,"Choctaw, O. & G. R. Co. v. Mackey",1920,256 U.S. 531,,Choctaw,Choctaw: Choctaw Nation of Oklahoma; Mississippi Band of Choctaw Indians; Jena Band of Choctaw,"LOW: tribal word is part of a place, company, or person name",,,,,,https://www.courtlistener.com/opinion/99829/choctaw-oklahoma-gulf-railroad-v-mackey/
1921-122,Gillespie v. OK,1921,257 U.S. 501,Creek and Osage,,,,current only (caption names no tribe),,,,,https://www.courtlistener.com/opinion/99897/gillespie-v-oklahoma/
1921-113,Oklahoma v. Texas,1921,258 U.S. 574,,,,,,,,,,https://www.courtlistener.com/opinion/99983/oklahoma-v-texas/
1921-146,Ewert v. Bluejacket,1921,259 U.S. 129,Quapaw Indians,,,,current only (caption names no tribe),,,,,https://www.courtlistener.com/opinion/99996/ewert-v-bluejacket/
1921-147,Kendall v. Ewert,1921,259 U.S. 139,Quapaw Indians,,,,current only (caption names no tribe),,,,,https://www.courtlistener.com/opinion/99997/kendall-v-ewert/
1922-013,Brewer-Elliott Oil & Gas Co. v. United States,1922,260 U.S. 77,Osage Tribe,,,,current only (caption names no tribe),,,,,https://www.courtlistener.com/opinion/100040/brewer-elliott-oil-gas-co-v-united-states/
1922-033,U.S. v. Atkins,1922,260 U.S. 220,Muscogee (Creek) Nation,,,,current only (caption names no tribe),,,,,https://www.courtlistener.com/opinion/100060/united-states-v-atkins/
1922-053,"Kirby v. U.S., for and on behalf of Crow Tribe of Indians",1922,260 U.S. 423,Crow Tribe of Indians,Crow Tribe,,HIGH: named in caption,agrees,,,,,https://www.courtlistener.com/opinion/100080/kirby-v-united-states-ex-rel-crow-tribe/
1922-109,Cramer v. United States,1922,261 U.S. 219,,,,,,,,,,https://www.courtlistener.com/opinion/100139/cramer-v-united-states/
1922-127,OK v. TX,1922,261 U.S. 340,,,,,,,,,,https://www.courtlistener.com/opinion/100156/state-of-oklahoma-v-state-of-texas-united-states-intervener/
1922-128,Work v. U.S. ex rel. Moiser,1922,261 U.S. 352,Osage Tribe,,,,current only (caption names no tribe),,,,,https://www.courtlistener.com/opinion/100158/work-v-united-states-ex-rel-mosier/
1922-181,Work v. U.S. ex rel. McAlester-Edwards Coal Co.,1922,262 U.S. 200,Choctaw Nation,,,,current only (caption names no tribe),,,,,https://www.courtlistener.com/opinion/100211/work-v-united-states-ex-rel-mcalester-edwards-co/
1923-034,Bunch v. Cole,1923,263 U.S. 250,Cherokee Nation,,,,current only (caption names no tribe),,,,,https://www.courtlistener.com/opinion/100292/bunch-v-cole/
1923-192,Tidal Oil Co. v. Flanagan,1923,263 U.S. 444,Muscogee (Creek) Nation,,,,current only (caption names no tribe),,,,,https://www.courtlistener.com/opinion/100314/tidal-oil-co-v-flanagan/
1923-055,Barnett v. Kunkel,1923,264 U.S. 16,Muscogee (Creek) Nation,,,,current only (caption names no tribe),,,,,https://www.courtlistener.com/opinion/100340/barnett-v-kunkel/
1923-108,U.S. v. Payne,1923,264 U.S. 446,Quillehute tribe,,,,current only (caption names no tribe),,,,,https://www.courtlistener.com/opinion/100393/united-states-v-payne/
1923-113,McCurdy v. United States,1923,264 U.S. 484,Osage Tribe,,,,current only (caption names no tribe),,,,,https://www.courtlistener.com/opinion/100398/mccurdy-v-united-states/
1923-114,Sperry Oil & Gas Co. v. Chisholm,1923,264 U.S. 488,Cherokee Nation,,,,current only (caption names no tribe),,,,,https://www.courtlistener.com/opinion/100399/sperry-oil-gas-co-v-chisholm/
1923-164,Swendig v. Washington Water Power Co.,1923,265 U.S. 322,Coeur d'Alene Reservation,,,,current only (caption names no tribe),,,,,https://www.courtlistener.com/opinion/100445/swendig-v-washington-water-power-co/
1923-166,Kennedy v. United States,1923,265 U.S. 344,Osage Tribe,,,,current only (caption names no tribe),,,,,https://www.courtlistener.com/opinion/100447/kennedy-v-united-states/
1923-181,U.S. v. Title Insurance & Trust Co.,1923,265 U.S. 472,Mission Indians,,,,current only (caption names no tribe),,,,,https://www.courtlistener.com/opinion/100462/united-states-v-title-insurance-trust-co/
1924-002,Work v. U.S. ex rel. Lynn,1924,266 U.S. 161,Osage Tribe,,,,current only (caption names no tribe),,,,,https://www.courtlistener.com/opinion/100490/work-v-united-states-ex-rel-lynn/
1924-050,Sunderland v. U.S.,1924,266 U.S. 226,Muscogee (Creek) Nation,,,,current only (caption names no tribe),,,,,https://www.courtlistener.com/opinion/100505/sunderland-v-united-states/
1924-063,Morrison v. Work,1924,266 U.S. 481,Chippewa Indians of Minnesota,,,,current only (caption names no tribe),,,,,https://www.courtlistener.com/opinion/100536/morrison-v-work/
1924-066,Webster v. Fall,1924,266 U.S. 507,Osage Tribe,,,,current only (caption names no tribe),,,,,https://www.courtlistener.com/opinion/100541/webster-v-fall/
1924-067,Norton v. Larney,1924,266 U.S. 511,Muscogee (Creek) Nation,,,,current only (caption names no tribe),,,,,https://www.courtlistener.com/opinion/100542/norton-v-larney/
1924-105,Grayson v. Harris,1924,267 U.S. 352,Muscogee (Creek) Nation,,,,current only (caption names no tribe),,,,,https://www.courtlistener.com/opinion/100597/grayson-v-harris/
1924-106,Blundell v. Wallace,1924,267 U.S. 373,Choctaw Nation,,,,current only (caption names no tribe),,,,,https://www.courtlistener.com/opinion/100600/blundell-v-wallace/
1924-197,U.S. v. Dunn,1924,268 U.S. 121,Choctaw Nation,,,,current only (caption names no tribe),,,,,https://www.courtlistener.com/opinion/100646/united-states-v-dunn/
1925-001,U.S. ex rel. Kennedy v. Tyler,1925,269 U.S. 13,Seneca Indian,,,,current only (caption names no tribe),,,,,https://www.courtlistener.com/opinion/100710/united-states-ex-rel-kennedy-v-tyler/
1925-201,Bramwell v. United States Fidelity & Guaranty Co.,1925,269 U.S. 483,Klamath Indian Reservation,,,,current only (caption names no tribe),,,,,https://www.courtlistener.com/opinion/100767/bramwell-v-united-states-fidelity-guaranty-co/
1925-061,U.S. v. Holt State Bank,1925,270 U.S. 49,Red Lake Indian Reservation,,,,current only (caption names no tribe),,,,,https://www.courtlistener.com/opinion/100778/united-states-v-holt-state-bank/
1925-072,U.S. v. Minnesota,1925,270 U.S. 181,Red Lake Indian Reservation,,,,current only (caption names no tribe),,,,,https://www.courtlistener.com/opinion/100792/united-states-v-minnesota/
1925-075,Henrietta First Moon v. Staring White Tail,1925,270 U.S. 243,Ponca Tribe,,,,current only (caption names no tribe),,,,,https://www.courtlistener.com/opinion/100796/first-moon-v-white-tail/
1925-090,Smith v. McCullough,1925,270 U.S. 456,Quawpaw Indians,,,,current only (caption names no tribe),,,,,https://www.courtlistener.com/opinion/100820/smith-v-mccullough/
1925-091,Cherokee Nation v. United States,1925,270 U.S. 476,Cherokee Nation,Cherokee,Cherokee: Cherokee Nation; Eastern Band of Cherokee Indians; United Keetoowah Band,HIGH: named in caption,agrees,,,,,https://www.courtlistener.com/opinion/100822/cherokee-nation-v-united-states/
1925-096,Childers v. Beaver,1925,270 U.S. 555,Quawpaw Indians,,,,current only (caption names no tribe),,,,,https://www.courtlistener.com/opinion/100830/childers-v-beaver/
1925-132,U.S. v. Candelaria,1925,271 U.S. 432,Pueblo of Laguma,,,,current only (caption names no tribe),,,,,https://www.courtlistener.com/opinion/100897/united-states-v-candelaria/
1925-135,U.S. v. Ramsey,1925,271 U.S. 467,Osage Tribe,,,,current only (caption names no tribe),,,,,https://www.courtlistener.com/opinion/100901/united-states-v-ramsey/
1925-138,Davis v. Williford,1925,271 U.S. 484,Chickasaw Nation,,,,current only (caption names no tribe),,,,,https://www.courtlistener.com/opinion/100904/davis-v-williford/
1925-163,Jaybird Min. Co. v. Weir,1925,271 U.S. 609,Quawpaw Indians,,,,current only (caption names no tribe),,,,,https://www.courtlistener.com/opinion/100916/jaybird-mining-co-v-weir/
1926-041,Yankton Sioux Tribe of Indians v. U.S.,1926,272 U.S. 351,Yankton Sioux Tribe of Indians,Sioux (Oceti Sakowin),Sioux (Oceti Sakowin): Oglala Sioux Tribe; Rosebud Sioux Tribe; Cheyenne River Sioux Tribe; Standing Rock Sioux Tribe; Yankton Sioux Tribe; Sisseton-Wahpeton Oyate; Crow Creek Sioux Tribe; Lower Brule Sioux Tribe; Santee Sioux Nation; Flandreau Santee Sioux Tribe; Spirit Lake Tribe; Fort Peck Assiniboine & Sioux,HIGH: named in caption,agrees,,,,,https://www.courtlistener.com/opinion/100932/yankton-sioux-tribe-of-indians-v-united-states/
1926-082,Garland's Heirs v. Choctaw Nation,1926,272 U.S. 728,Choctaw Nation,Choctaw,Choctaw: Choctaw Nation of Oklahoma; Mississippi Band of Choctaw Indians; Jena Band of Choctaw,HIGH: named in caption,agrees,,,,,https://www.courtlistener.com/opinion/100974/garlands-heirs-v-choctaw-nation-pitchlynn-v-same/
1926-190,Jones v. Prairie Oil & Gas Co.,1926,273 U.S. 195,Muscogee (Creek) Nation,,,,current only (caption names no tribe),,,,,https://www.courtlistener.com/opinion/100998/jones-v-prairie-oil-gas-co/
1926-156,Pueblo of Santa Rosa v. Fall,1926,273 U.S. 315,Pueblo of Santa Rosa,Pueblo,"Pueblo: Specify the pueblo (e.g., Santa Clara, Isleta, Zia, Laguna, Acoma, Taos, Santa Ana, Ysleta del Sur)",HIGH: named in caption,agrees,,,,,https://www.courtlistener.com/opinion/101013/pueblo-of-santa-rosa-v-fall-secretary-of-the-interior/
1926-091,Longest v. Langford,1926,274 U.S. 499,Choctaw Nation,,,,current only (caption names no tribe),,,,,https://www.courtlistener.com/opinion/101112/longest-v-langford/
1926-095,Joines v. Patterson,1926,274 U.S. 544,Choctaw Nation,,,,current only (caption names no tribe),,,,,https://www.courtlistener.com/opinion/101116/joines-v-patterson/
1927-038,Heiner v. Colonial Trust Co.,1927,275 U.S. 232,Osage Tribe,,,,current only (caption names no tribe),,,,,https://www.courtlistener.com/opinion/101171/heiner-v-colonial-trust-co/
1927-089,Marlin v. Lewallen,1927,276 U.S. 58,Muscogee (Creek) Nation,,,,current only (caption names no tribe),,,,,https://www.courtlistener.com/opinion/101215/marlin-v-lewallen/
1927-090,Longest v. Langford,1927,276 U.S. 69,Choctaw and Chickasaw Nations,,,,current only (caption names no tribe),,,,,https://www.courtlistener.com/opinion/101216/longest-v-langford/
1927-059,Shaw v. Gibson-Zahniser Oil Corp.,1927,276 U.S. 575,Muscogee (Creek) Nation,,,,current only (caption names no tribe),,,,,https://www.courtlistener.com/opinion/101272/shaw-v-gibson-zahniser-oil-corp/
1927-156,Larkin v. Paugh,1927,276 U.S. 431,Winnebago Indians,,,,current only (caption names no tribe),,,,,https://www.courtlistener.com/opinion/101253/larkin-v-paugh/
1927-159,McCoy v. Shaw,1927,277 U.S. 302,Chickasaw Nation,,,,current only (caption names no tribe),,,,,https://www.courtlistener.com/opinion/101309/mccoy-v-shaw/
1927-122,Sisseton and Wahpeton Bands of Sioux Indians v. U.S.,1927,277 U.S. 424,Sisseton and Wahpeton Bands of Indians,Sioux (Oceti Sakowin),Sioux (Oceti Sakowin): Oglala Sioux Tribe; Rosebud Sioux Tribe; Cheyenne River Sioux Tribe; Standing Rock Sioux Tribe; Yankton Sioux Tribe; Sisseton-Wahpeton Oyate; Crow Creek Sioux Tribe; Lower Brule Sioux Tribe; Santee Sioux Nation; Flandreau Santee Sioux Tribe; Spirit Lake Tribe; Fort Peck Assiniboine & Sioux,HIGH: named in caption,agrees,,,,,https://www.courtlistener.com/opinion/101319/sisseton-and-wahpeton-bands-of-sioux-indians-v-united-states/
1928-095,Grayson v. Harris,1928,279 U.S. 300,Muscogee (Creek) Nation,,,,current only (caption names no tribe),,,,,https://www.courtlistener.com/opinion/101415/grayson-v-harris/
1928-082,Pocket Veto Case,1928,279 U.S. 655,"Okanogan, Methow, San Poelis (or San Poil), Nespelem, Colville, and Lake Indian Tribes or Bands of the State of Washington",,,,current only (caption names no tribe),,,,,https://www.courtlistener.com/opinion/101447/the-pocket-veto-case/
1929-104,U.S. v. Jackson,1929,280 U.S. 183,,,,,,,,,,https://www.courtlistener.com/opinion/101486/united-states-v-jackson/
1929-130,Carpenter v. Shaw,1929,280 U.S. 363,Choctaw Nation,,,,current only (caption names no tribe),,,,,https://www.courtlistener.com/opinion/101499/carpenter-v-shaw/
1929-037,Wilbur v. U.S. ex rel. Kadrie,1929,281 U.S. 206,Chippewa Indians in Minnesota,,,,current only (caption names no tribe),,,,,https://www.courtlistener.com/opinion/101549/wilbur-v-united-states-ex-rel-kadrie/
1930-136,Choteau v. Burnet,1930,283 U.S. 691,Osage Nation,,,,current only (caption names no tribe),,,,,https://www.courtlistener.com/opinion/101772/choteau-v-burnet/
1930-085,Halbert v. United States,1930,283 U.S. 753,"Chehalis, Chinook, and Cowlitz Tribes",,,,current only (caption names no tribe),,,,,https://www.courtlistener.com/opinion/101776/halbert-v-united-states/
1930-137,U.S. v. Equitable Trust Co.,1930,283 U.S. 738,Muscogee (Creek) Nation,,,,current only (caption names no tribe),,,,,https://www.courtlistener.com/opinion/101774/united-states-v-equitable-trust-co-of-ny/
1930-138,Mott v. United States,1930,283 U.S. 747,Muscogee (Creek) Nation,,,,current only (caption names no tribe),,,,,https://www.courtlistener.com/opinion/101775/mott-v-united-states/
1932-145,"Indian Territory Illuminating Oil Co., v. Board of Equalization",1932,288 U.S. 325,,,,GENERIC: caption mentions a tribal party but no name matched,,,,,,https://www.courtlistener.com/opinion/102038/indian-territory-illuminating-oil-co-v-board-of-equalization-of-tulsa/
1933-009,U.S. v. Reily,1933,290 U.S. 33,Kickapoo Tribe,,,,current only (caption names no tribe),,,,,https://www.courtlistener.com/opinion/102128/united-states-v-reily/
1933-030,U.S. v. Chavez,1933,290 U.S. 357,Pueblo of Isleta,,,,current only (caption names no tribe),,,,,https://www.courtlistener.com/opinion/102162/united-states-v-chavez/
1933-073,"Pigeon River Imp., Slide & Boom Co. v. Charles W. Cox, Ltd.",1933,291 U.S. 138,Grand Portage Indian Reservation,,,,current only (caption names no tribe),,,,,https://www.courtlistener.com/opinion/102190/pigeon-river-improvement-slide-boom-co-v-charles-w-cox-ltd/
1934-055,U.S. v. State of Ariz.,1934,295 U.S. 174,Colorado River Indian Reservation Tribes,,,,current only (caption names no tribe),,,,,https://www.courtlistener.com/opinion/102446/united-states-v-arizona/
1934-113,U.S. v. Creek Nation,1934,295 U.S. 103,Muscogee (Creek) Nation,Muscogee (Creek) Nation,Muscogee (Creek) Nation: Muscogee (Creek) Nation; Poarch Band of Creek Indians,HIGH: named in caption,agrees,,,,,https://www.courtlistener.com/opinion/102439/united-states-v-creek-nation/
1934-127,Stewart v. Keyes,1934,295 U.S. 403,Muscogee (Creek) Nation,,,,current only (caption names no tribe),,,,,https://www.courtlistener.com/opinion/102465/stewart-v-keyes/
1934-128,Superintendent of Five Civilized Tribes v. Commissioner,1934,295 U.S. 418,Muscogee (Creek) Nation,"Five Tribes (Cherokee, Chickasaw, Choctaw, Muscogee, Seminole)","Five Tribes (Cherokee, Chickasaw, Choctaw, Muscogee, Seminole): Cherokee Nation; Chickasaw Nation; Choctaw Nation; Muscogee (Creek) Nation; Seminole Nation",HIGH: named in caption,"adds: Five Tribes (Cherokee, Chickasaw, Choctaw, Muscogee, Seminole)",,,,,https://www.courtlistener.com/opinion/102466/superintendent-of-five-civilized-tribes-v-commissioner/
1935-032,Klamath and Moadoc Tribes v. U.S.,1935,296 U.S. 244,Klamath and Moadoc Tribes and Yahooskin Band of Snake Indians,Modoc; Klamath Tribes,Modoc: Klamath Tribes (Modoc); Modoc Nation (Oklahoma),HIGH: named in caption,agrees,,,,,https://www.courtlistener.com/opinion/102509/klamath-moadoc-tribes-of-indians-v-united-states/
1935-144,"OK ex rel. OK Tax Com. v. Barnsdall Refineries, Inc.",1935,296 U.S. 521,Osage Tribe,,,,current only (caption names no tribe),,,,,https://www.courtlistener.com/opinion/102539/oklahoma-ex-rel-oklahoma-tax-commission-v-barnsdall-refineries-inc/
1935-094,Leahy v. State Treasurer of OK,1935,297 U.S. 420,Osage Tribe,,,,current only (caption names no tribe),,,,,https://www.courtlistener.com/opinion/102613/leahy-v-state-treasurer-of-oklahoma/
1935-146,Noble v. Oklahoma City,1935,297 U.S. 481,Muscogee (Creek) Nation,,,,current only (caption names no tribe),,,,,https://www.courtlistener.com/opinion/102620/noble-v-oklahoma-city/
1936-023,Cate v. Beasley,1936,299 U.S. 30,Seminole Nation,,,,current only (caption names no tribe),,,,,https://www.courtlistener.com/opinion/102688/cate-v-beasley/
1936-036,British-American Oil Producing Co. v. Board of Equalization of State of Montana,1936,299 U.S. 159,Blackfeet Reservation,,,,current only (caption names no tribe),,,,,https://www.courtlistener.com/opinion/102708/british-american-oil-producing-co-v-board-of-equalization-of-mont/
1936-146,U.S. v. Seminole Nation,1936,299 U.S. 417,Seminole Nation,Seminole,Seminole: Seminole Nation of Oklahoma; Seminole Tribe of Florida; Miccosukee Tribe,HIGH: named in caption,agrees,,,,,https://www.courtlistener.com/opinion/102736/united-states-v-seminole-nation/
1936-163,Shoshone Tribe of Indians of Wind River Reservation in Wyoming v. U.S.,1936,299 U.S. 476,Shoshone Tribe of Indians & Arapahoe Tribe,Shoshone,Shoshone: Eastern Shoshone (Wind River); Shoshone-Bannock (Fort Hall); Northwestern Band of Shoshone; Te-Moak Western Shoshone; Fallon Paiute-Shoshone,HIGH: named in caption,agrees,,,,,https://www.courtlistener.com/opinion/102742/shoshone-tribe-of-indians-v-united-states/
1936-066,Taber v. Indian Territory Illuminating Oil Co.,1936,300 U.S. 1,Pawnee Tribe,,,GENERIC: caption mentions a tribal party but no name matched,current only (caption names no tribe),,,,,https://www.courtlistener.com/opinion/102745/taber-v-indian-territory-illuminating-oil-co/
1936-120,Chippewa Indians of Minnesota v. United States,1936,301 U.S. 358,Chippewa Indians of Minnesota,Ojibwe (Chippewa),"Ojibwe (Chippewa): Minnesota Chippewa Tribe (White Earth, Leech Lake, Mille Lacs, Fond du Lac, Bois Forte, Grand Portage); Red Lake Band; Lac du Flambeau Band; Lac Courte Oreilles; Bad River; Bay Mills Indian Community; Sault Ste. Marie Tribe; Saginaw Chippewa; Keweenaw Bay; Turtle Mountain Band",HIGH: named in caption,agrees,,,,,https://www.courtlistener.com/opinion/102827/chippewa-indians-of-minn-v-united-states/
1937-004,Silas Mason Co. v. Tax Com'n of State of Washington,1937,302 U.S. 186,,,,,,,,,,https://www.courtlistener.com/opinion/102862/silas-mason-co-v-tax-commission-of-washington/
1937-152,U.S. v. McGowan,1937,302 U.S. 535,Reno Indian Colony,,,,current only (caption names no tribe),,,,,https://www.courtlistener.com/opinion/102897/united-states-v-mcgowan/
1937-039,Creek Nation v. United States,1937,302 U.S. 620,Muscogee (Creek) Nation,Muscogee (Creek) Nation,Muscogee (Creek) Nation: Muscogee (Creek) Nation; Poarch Band of Creek Indians,HIGH: named in caption,agrees,,,,,https://www.courtlistener.com/opinion/102904/creek-nation-v-united-states/
1937-043,U.S. v. Klamath and Moadoc Tribes,1937,304 U.S. 119,Klamath and Moadoc Tribes and the Yahooskin Band of Snake Indians,Modoc; Klamath Tribes,Modoc: Klamath Tribes (Modoc); Modoc Nation (Oklahoma),HIGH: named in caption,agrees,,,,,https://www.courtlistener.com/opinion/103015/united-states-v-klamath-moadoc-tribes-of-indians/
1937-060,U.S. v. Shoshone Tribe of Indians of Wind River Reservation of Wyoming,1937,304 U.S. 111,Shoshone Tribe of Indians,Shoshone,Shoshone: Eastern Shoshone (Wind River); Shoshone-Bannock (Fort Hall); Northwestern Band of Shoshone; Te-Moak Western Shoshone; Fallon Paiute-Shoshone,HIGH: named in caption,agrees,,,,,https://www.courtlistener.com/opinion/103014/united-states-v-shoshone-tribe-of-indians/
1938-118,Minnesota v. United States,1938,305 U.S. 382,Band of Chippewa Indians of Lake Superior,,,,current only (caption names no tribe),,,,,https://www.courtlistener.com/opinion/103115/minnesota-v-united-states/
1938-123,U.S. v. Algoma Lumber Co.,1938,305 U.S. 415,Klamath Indians,,,,current only (caption names no tribe),,,,,https://www.courtlistener.com/opinion/103120/united-states-v-algoma-lumber-co/
1938-128,Chippewa Indians of Minnesota v. United States,1938,305 U.S. 479,Chippewa Indians of Minnesota,Ojibwe (Chippewa),"Ojibwe (Chippewa): Minnesota Chippewa Tribe (White Earth, Leech Lake, Mille Lacs, Fond du Lac, Bois Forte, Grand Portage); Red Lake Band; Lac du Flambeau Band; Lac Courte Oreilles; Bad River; Bay Mills Indian Community; Sault Ste. Marie Tribe; Saginaw Chippewa; Keweenaw Bay; Turtle Mountain Band",HIGH: named in caption,agrees,,,,,https://www.courtlistener.com/opinion/103126/chippewa-indians-of-minnesota-v-united-states/
1938-115,U.S. v. Powers,1938,305 U.S. 527,Crow Tribe,,,,current only (caption names no tribe),,,,,https://www.courtlistener.com/opinion/103130/united-states-v-powers/
1938-090,Chippewa Indians of Minnesota v. U.S.,1938,307 U.S. 1,Chippewa Indians of Minnesota,Ojibwe (Chippewa),"Ojibwe (Chippewa): Minnesota Chippewa Tribe (White Earth, Leech Lake, Mille Lacs, Fond du Lac, Bois Forte, Grand Portage); Red Lake Band; Lac du Flambeau Band; Lac Courte Oreilles; Bad River; Bay Mills Indian Community; Sault Ste. Marie Tribe; Saginaw Chippewa; Keweenaw Bay; Turtle Mountain Band",HIGH: named in caption,agrees,,,,,https://www.courtlistener.com/opinion/103188/chippewa-indians-of-minnesota-v-united-states/
1939-014,Board of Com'rs of Jackson County v. United States,1939,308 U.S. 343,Pottawatomie Indians,,,,current only (caption names no tribe),,,,,https://www.courtlistener.com/opinion/103260/board-of-commrs-of-jackson-cty-v-united-states/
1939-047,U.S. v. U.S. Fidelity & Guar. Co.,1939,309 U.S. 506,Choctaw and Chickasaw Nations,,,,current only (caption names no tribe),,,,,https://www.courtlistener.com/opinion/103327/united-states-v-united-states-fidelity-guaranty-co/
1940-003,U.S. v. Northern P. R. Co.,1940,311 U.S. 317,,,,,,,,,,https://www.courtlistener.com/opinion/103412/united-states-v-northern-pacific-railway-co/
1941-016,U.S. v. Santa Fe Pac. R. Co.,1941,314 U.S. 339,Hualapai Indians,,,,current only (caption names no tribe),,,,,https://www.courtlistener.com/opinion/103567/united-states-v-santa-fe-pacific-railroad/
1941-142,Tulee v. State of Washington,1941,315 U.S. 681,Yakama Nation,,,,current only (caption names no tribe),,,,,https://www.courtlistener.com/opinion/103642/tulee-v-washington/
1941-068,Sioux Tribe of Indians v. U.S.,1941,316 U.S. 317,Sioux Tribe,Sioux (Oceti Sakowin),Sioux (Oceti Sakowin): Oglala Sioux Tribe; Rosebud Sioux Tribe; Cheyenne River Sioux Tribe; Standing Rock Sioux Tribe; Yankton Sioux Tribe; Sisseton-Wahpeton Oyate; Crow Creek Sioux Tribe; Lower Brule Sioux Tribe; Santee Sioux Nation; Flandreau Santee Sioux Tribe; Spirit Lake Tribe; Fort Peck Assiniboine & Sioux,HIGH: named in caption,agrees,,,,,https://www.courtlistener.com/opinion/103682/sioux-tribe-of-indians-v-united-states/
1941-124,Seminole Nation v. U.S.,1941,316 U.S. 286,Seminole Nation,Seminole,Seminole: Seminole Nation of Oklahoma; Seminole Tribe of Florida; Miccosukee Tribe,HIGH: named in caption,agrees,,,,,https://www.courtlistener.com/opinion/103680/seminole-nation-v-united-states/
1941-125,Seminole Nation v. U.S.,1941,316 U.S. 310,Seminole Nation,Seminole,Seminole: Seminole Nation of Oklahoma; Seminole Tribe of Florida; Miccosukee Tribe,HIGH: named in caption,agrees,,,,,https://www.courtlistener.com/opinion/103681/seminole-nation-v-united-states/
1942-093,U.S. v. Oklahoma Gas & Elec. Co.,1942,318 U.S. 206,Oklahoma/Mexican Kickapoo,,,,current only (caption names no tribe),,,,,https://www.courtlistener.com/opinion/103781/united-states-v-oklahoma-gas-electric-co/
1942-161,Choctaw Nation of Indians v. United States,1942,318 U.S. 423,Choctaw and Chickasaw Nations,Choctaw,Choctaw: Choctaw Nation of Oklahoma; Mississippi Band of Choctaw Indians; Jena Band of Choctaw,HIGH: named in caption,agrees,,,,,https://www.courtlistener.com/opinion/103799/choctaw-nation-v-united-states/
1942-104,Seminole Nation and Creek Nation v. U.S.,1942,318 U.S. 629,Muscogee (Creek) Nation and Seminole Nation,Muscogee (Creek) Nation; Seminole,Muscogee (Creek) Nation: Muscogee (Creek) Nation; Poarch Band of Creek Indians | Seminole: Seminole Nation of Oklahoma; Seminole Tribe of Florida; Miccosukee Tribe,HIGH: named in caption,agrees,,,,,https://www.courtlistener.com/opinion/103809/creek-nation-v-united-states/
1942-098,Board of Com'rs of Creek County v. Seber,1942,318 U.S. 705,Muscogee (Creek) Nation,,,,current only (caption names no tribe),,,,,https://www.courtlistener.com/opinion/103816/board-of-county-commissioners-v-seber/
1942-135,"Mahnomen County, MN v. United States",1942,319 U.S. 474,Chippewa,,,,current only (caption names no tribe),,,,,https://www.courtlistener.com/opinion/103856/county-of-mahnomen-v-united-states/
1942-059,OK Tax Comm'n v. U.S.,1942,319 U.S. 598,Five Civilized Tribes,,,,current only (caption names no tribe),,,,,https://www.courtlistener.com/opinion/103869/oklahoma-tax-commission-v-united-states/
1943-059,U.S. v. Hellard,1943,322 U.S. 363,Muscogee (Creek) Nation,,,,current only (caption names no tribe),,,,,https://www.courtlistener.com/opinion/103995/united-states-v-hellard/
1943-122,Arenas v. United States,1943,322 U.S. 419,Mission Indian - Agua Caliente or Palm Springs,,,,current only (caption names no tribe),,,,,https://www.courtlistener.com/opinion/104001/arenas-v-united-states/
1944-048,Drummond v. United States,1944,324 U.S. 316,Osage Nation,,,,current only (caption names no tribe),,,,,https://www.courtlistener.com/opinion/104101/drummond-v-united-states/
1944-046,Northwestern Band of Shoshone Indians v. U.S.,1944,324 U.S. 335,Northwest Band of Shoshone Indians,Shoshone,Shoshone: Eastern Shoshone (Wind River); Shoshone-Bannock (Fort Hall); Northwestern Band of Shoshone; Te-Moak Western Shoshone; Fallon Paiute-Shoshone,HIGH: named in caption,agrees,,,,,https://www.courtlistener.com/opinion/104104/northwestern-bands-of-shoshone-indians-v-united-states/
1944-043,Rice v. Olson,1944,324 U.S. 786,Winnebago,,,,current only (caption names no tribe),,,,,https://www.courtlistener.com/opinion/104129/rice-v-olson/
1945-059,People of State of N.Y. ex rel. Ray v. Martin,1945,326 U.S. 496,Seneca Indians,,,,current only (caption names no tribe),,,,,https://www.courtlistener.com/opinion/104215/new-york-ex-rel-ray-v-martin/
1945-043,Williams v. U.S.,1945,327 U.S. 711,Colorado River Indian Tribes,,,,current only (caption names no tribe),,,,,https://www.courtlistener.com/opinion/104274/williams-v-united-states/
1945-041,U.S. v. Rice,1945,327 U.S. 742,Seminole Nation,,,,current only (caption names no tribe),,,,,https://www.courtlistener.com/opinion/104276/united-states-v-rice/
1946-004,U.S. v. Alcea Band of Tillamooks,1946,329 U.S. 40,Alcea Band of Tillamooks & Other tribes,Confederated Tribes of Siletz Indians (Alcea/Tillamook),,HIGH: named in caption,agrees,,,,,https://www.courtlistener.com/opinion/104326/united-states-v-alcea-band-of-tillamooks/
1946-054,Confederated Bands of Ute Indians v. United States,1946,330 U.S. 169,Confederated Bands of Ute Indians,Ute,Ute: Ute Indian Tribe (Uintah & Ouray); Southern Ute Indian Tribe; Ute Mountain Ute Tribe,HIGH: named in caption,agrees,,,,,https://www.courtlistener.com/opinion/104379/confederated-bands-of-ute-indians-v-united-states/
1947-063,Shade v. Downing,1947,333 U.S. 586,Cherokee Nation,,,,current only (caption names no tribe),,,,,https://www.courtlistener.com/opinion/104536/shade-v-downing/
1947-105,West v. Oklahoma Tax Com'n,1947,334 U.S. 717,Osage Nation,,,,current only (caption names no tribe),,,,,https://www.courtlistener.com/opinion/104577/west-v-oklahoma-tax-commission/
1948-048,OK Tax Comm'n v. Texas Co.,1948,336 U.S. 342,,,,,,,,,,https://www.courtlistener.com/opinion/104641/oklahoma-tax-commission-v-texas-co/
1948-080,Hynes v. Grimes Packing Co.,1948,337 U.S. 86,Karluk Village,,,,current only (caption names no tribe),,,,,https://www.courtlistener.com/opinion/104674/hynes-regional-director-fish-wildlife-service-v-grimes-packing-co/
1950-059,U.S. v. Alcea Band of Tillamooks,1950,341 U.S. 48,Alcea Band of Tillamooks & Other tribes,Confederated Tribes of Siletz Indians (Alcea/Tillamook),,HIGH: named in caption,agrees,,,,,https://www.courtlistener.com/opinion/104885/united-states-v-alcea-band-of-tillamooks/
1952-020,Bailess v. Paukune,1952,344 U.S. 171,Apache tribe,,,,current only (caption names no tribe),,,,,https://www.courtlistener.com/opinion/105051/bailess-v-paukune/
1954-029,Tee-Hit-Ton Indians v. U.S.,1954,348 U.S. 272,Tee-Hit-Ton/Tlingit Tribe,Tlingit (Tee-Hit-Ton),,HIGH: named in caption,agrees,,,,,https://www.courtlistener.com/opinion/105268/tee-hit-ton-indians-v-united-states/
1954-071,"Rice v. Sioux City Memorial Park Cemetery, Inc.",1954,349 U.S. 70,Winneago Indians,Sioux (Oceti Sakowin),Sioux (Oceti Sakowin): Oglala Sioux Tribe; Rosebud Sioux Tribe; Cheyenne River Sioux Tribe; Standing Rock Sioux Tribe; Yankton Sioux Tribe; Sisseton-Wahpeton Oyate; Crow Creek Sioux Tribe; Lower Brule Sioux Tribe; Santee Sioux Nation; Flandreau Santee Sioux Tribe; Spirit Lake Tribe; Fort Peck Assiniboine & Sioux,"LOW: tribal word is part of a place, company, or person name",current only (caption names no tribe),,,,,https://www.courtlistener.com/opinion/105298/rice-v-sioux-city-memorial-park-cemetery-inc/
1955-065,Squire v. Capoeman,1955,351 U.S. 1,Quinailet Tribe,,,,current only (caption names no tribe),,,,,https://www.courtlistener.com/opinion/105381/squire-v-capoeman/
1955-079,Hatahley v. United States,1955,351 U.S. 173,Navajo Nation,,,,current only (caption names no tribe),,,,,https://www.courtlistener.com/opinion/105395/hatahley-v-united-states/
1958-025,Williams v. Lee,1958,358 U.S. 217,Navajo Nation,,,,current only (caption names no tribe),,,,,https://www.courtlistener.com/opinion/105807/williams-v-lee/
1959-045,Federal Power Commission v. Tuscarora Indian Nation,1959,362 U.S. 99,Tuscarora Indian Nation,Tuscarora Nation,,HIGH: named in caption,agrees,,,,,https://www.courtlistener.com/opinion/106013/federal-power-commission-v-tuscarora-indian-nation/
1959-096,U.S. v. Grand River Dam Authority,1959,363 U.S. 229,,,,,,,,,,https://www.courtlistener.com/opinion/106068/united-states-v-grand-river-dam-authority/
1961-021,Seymour v. Superintendent of Washington State Penitentiary,1961,368 U.S. 351,Colville Indian Tribe,,,,current only (caption names no tribe),,,,,https://www.courtlistener.com/opinion/106321/seymour-v-superintendent-of-washington-state-penitentiary/
1961-041,"Metlakatla Indian Community, Annette Islands Reserve v. Egan",1961,369 U.S. 45,Metlakatla Indian Community,Metlakatla Indian Community,,HIGH: named in caption,agrees,,,,,https://www.courtlistener.com/opinion/106351/metlakatla-indian-community-annette-islands-reserve-v-egan/
1961-042,Organized Village of Kake v. Egan,1961,369 U.S. 60,Village of Kake & Angoon Community Association,Organized Village of Kake; Alaska Native entity (specify),,HIGH: named in caption,agrees,,,,,https://www.courtlistener.com/opinion/106352/organized-village-of-kake-v-egan/
1962-127,State of Ariz. v. State of Cal.,1962,373 U.S. 546,"Chemehuevi, Cocopah, Yuma, Colorado River and Fort Mohave Reservations",,,,current only (caption names no tribe),,,,,https://www.courtlistener.com/opinion/106627/arizona-v-california/
1963-074,AZ v. CA,1963,376 U.S. 340,"Chemehuevi, Cocopah, Yuma, Colorado River and Fort Mohave Reservations",,,,current only (caption names no tribe),,,,,https://www.courtlistener.com/opinion/106767/arizona-v-california/
1964-093,Warren Trading Post Co. v. Arizona State Tax Commission,1964,380 U.S. 685,Navajo Nation,,,,current only (caption names no tribe),,,,,https://www.courtlistener.com/opinion/107042/warren-trading-post-co-v-arizona-tax-commission/
1967-082,Poafpybitty v. Skelly Oil Co.,1967,390 U.S. 365,Commanche Indians,,,,current only (caption names no tribe),,,,,https://www.courtlistener.com/opinion/107635/poafpybitty-v-skelly-oil-co/
1967-090,Peoria Tribe of Indians of Okl. v. U.S.,1967,390 U.S. 468,Peoria Tribe of Indians of Oklahoma,Peoria Tribe of Indians of Oklahoma,,HIGH: named in caption,agrees,,,,,https://www.courtlistener.com/opinion/107646/peoria-tribe-of-indians-v-united-states/
1967-136,Puyallup Tribe v. Department of Game of Wash.,1967,391 U.S. 392,Puyallup Tribe and the Nisqually Tribe,Puyallup Tribe,,HIGH: named in caption,agrees,,,,,https://www.courtlistener.com/opinion/107702/puyallup-tribe-v-department-of-game-of-wash/
1967-137,Menominee Tribe of Indians v. United States,1967,391 U.S. 404,Menominee Tribe of Indians,Menominee Indian Tribe of Wisconsin,,HIGH: named in caption,agrees,,,,,https://www.courtlistener.com/opinion/107703/menominee-tribe-of-indians-v-united-states/
1969-082,Tooahnippah v. Hickel,1969,397 U.S. 598,Commanche Indians,,,,current only (caption names no tribe),,,,,https://www.courtlistener.com/opinion/108129/tooahnippah-v-hickel/
1969-083,Choctaw Nation v. Oklahoma,1969,397 U.S. 620,"Choctaw, Cherokee, and Chickasaw Nations",Choctaw,Choctaw: Choctaw Nation of Oklahoma; Mississippi Band of Choctaw Indians; Jena Band of Choctaw,HIGH: named in caption,agrees,,,,,https://www.courtlistener.com/opinion/108130/choctaw-nation-v-oklahoma/
1970-023,Kennerly v. District Court of Ninth Judicial Dist. of Mont.,1970,400 U.S. 423,Blackfeet Indian Tribe,,,,current only (caption names no tribe),,,,,https://www.courtlistener.com/opinion/108229/kennerly-v-district-court-of-the-ninth-judicial-district-of-montana/
1970-093,U.S. v. Southern Ute Tribe or Band of Indians,1970,402 U.S. 159,Southern Ute Indian Tribe,Ute,Ute: Ute Indian Tribe (Uintah & Ouray); Southern Ute Indian Tribe; Ute Mountain Ute Tribe,HIGH: named in caption,agrees,,,,,https://www.courtlistener.com/opinion/108327/united-states-v-southern-ute-tribe-or-band-of-indians/
1971-M528,"Native American Church of Navajoland, Inc. v. Arizona Corp. Commission",1971,405 U.S. 901,,,,,,,,,,https://www.courtlistener.com/opinion/108503/native-american-church-of-navajoland-inc-v-arizona-corporation/
1971-097,Affiliated Ute Citizens of Utah v. United States,1971,406 U.S. 128,Ute Indian Tribe of the Uintah and Ouray Reservation,Ute,Ute: Ute Indian Tribe (Uintah & Ouray); Southern Ute Indian Tribe; Ute Mountain Ute Tribe,HIGH: named in caption,agrees,,,,,https://www.courtlistener.com/opinion/108526/affiliated-ute-citizens-of-utah-v-united-states/
1972-010,U.S. v. Jim,1972,409 U.S. 80,Navajo Nation,,,,current only (caption names no tribe),,,,,https://www.courtlistener.com/opinion/108632/united-states-v-jim/
1972-086,Mescalero Apache Tribe v. Jones,1972,411 U.S. 145,Mescalaro Apache Tribe,Apache,Apache: San Carlos Apache Tribe; White Mountain Apache Tribe; Mescalero Apache Tribe; Jicarilla Apache Nation; Fort Sill Apache; Tonto Apache; Yavapai-Apache Nation,HIGH: named in caption,agrees,,,,,https://www.courtlistener.com/opinion/108754/mescalero-apache-tribe-v-jones/
1972-087,McClanahan v. State Tax Commission of Arizona,1972,411 U.S. 164,Navajo Nation,,,,current only (caption names no tribe),,,,,https://www.courtlistener.com/opinion/108755/mcclanahan-v-arizona-state-tax-commission/
1972-126,Keeble v. United States,1972,412 U.S. 205,Crow Creek Sioux Tribe,,,,current only (caption names no tribe),,,,,https://www.courtlistener.com/opinion/108799/keeble-v-united-states/
1972-132,U.S. v. Mason,1972,412 U.S. 391,Osage Nation,,,,current only (caption names no tribe),,,,,https://www.courtlistener.com/opinion/108805/united-states-v-mason/
1972-139,Mattz v. Arnett,1972,412 U.S. 481,Yurok Tribe,,,,current only (caption names no tribe),,,,,https://www.courtlistener.com/opinion/108812/mattz-v-arnett/
1973-011,Department of Game Wash. v. Puyallup Tribe,1973,414 U.S. 44,Puyallup Indian Tribe,Puyallup Tribe,,HIGH: named in caption,agrees,,,,,https://www.courtlistener.com/opinion/108880/department-of-game-of-wash-v-puyallup-tribe/
1973-045,"Oneida Indian Nation of N.Y State v. Oneida County, New York",1973,414 U.S. 661,Oneida Indian Nation,Oneida,Oneida: Oneida Indian Nation (New York); Oneida Nation (Wisconsin),HIGH: named in caption,agrees,,,,,https://www.courtlistener.com/opinion/108914/oneida-indian-nation-v-county-of-oneida/
1973-056,Morton v. Ruiz,1973,415 U.S. 199,Tohono O'odham Nation,,,,current only (caption names no tribe),,,,,https://www.courtlistener.com/opinion/108969/morton-v-ruiz/
1973-139,Morton v. Mancari,1973,417 U.S. 535,,,,,,,,,,https://www.courtlistener.com/opinion/109067/morton-v-mancari/
1974-026,U.S. v. Mazurie,1974,419 U.S. 544,Shoshone and Arapahoe Tribes,,,,current only (caption names no tribe),,,,,https://www.courtlistener.com/opinion/109134/united-states-v-mazurie/
1974-044,Antoine v. Washington,1974,420 U.S. 194,Confederated Tribes of the Colville Indian Reservation,,,,current only (caption names no tribe),,,,,https://www.courtlistener.com/opinion/109193/antoine-v-washington/
1974-057,Chemehuevi Tribe of Indians v. Federal Power Com.,1974,420 U.S. 395,Chemehuevi Tribe of Indians & Cocopah Tribe of Indians,Chemehuevi Indian Tribe,,HIGH: named in caption,agrees,,,,,https://www.courtlistener.com/opinion/109205/chemehuevi-tribe-of-indians-v-federal-power-commission/
1974-058,DeCoteau v. District County for Tenth Judicial Dist.,1974,420 U.S. 425,Lake Traverse Indian Reservation,,,,current only (caption names no tribe),,,,,https://www.courtlistener.com/opinion/109206/decoteau-v-district-county-court-for-the-tenth-judicial-district/
1975-038,"Fisher v. District Court of Sixteenth Judicial Dist. of Montana, in and for Rosebud County",1975,424 U.S. 382,Northern Cheyenne Tribe,Sioux (Oceti Sakowin),Sioux (Oceti Sakowin): Oglala Sioux Tribe; Rosebud Sioux Tribe; Cheyenne River Sioux Tribe; Standing Rock Sioux Tribe; Yankton Sioux Tribe; Sisseton-Wahpeton Oyate; Crow Creek Sioux Tribe; Lower Brule Sioux Tribe; Santee Sioux Nation; Flandreau Santee Sioux Tribe; Spirit Lake Tribe; Fort Peck Assiniboine & Sioux,"LOW: tribal word is part of a place, company, or person name",current only (caption names no tribe),,,,,https://www.courtlistener.com/opinion/109385/fisher-v-district-court-of-the-sixteenth-judicial-district-of-montana/
1975-059,Colo. River Water Conservation Dist. v. United States,1975,424 U.S. 800,,,,,,,,,,https://www.courtlistener.com/opinion/109405/colorado-river-water-conservation-district-v-united-states/
1975-084,Moe v. Confederated Salish and Kootenai Tribes of Flathead Reservation,1975,425 U.S. 463,Confederated Salish and Kootenai Tribes of Flathead Reservation,Confederated Salish and Kootenai Tribes,,HIGH: named in caption,agrees,,,,,https://www.courtlistener.com/opinion/109436/moe-v-confederated-salish-kootenai-tribes-of-the-flathead-reservation/
1975-093,Northern Cheyenne Tribe v. Hollowbreast,1975,425 U.S. 649,Northern Cheyenne Tribe,Cheyenne,Cheyenne: Northern Cheyenne Tribe; Cheyenne and Arapaho Tribes (Oklahoma),HIGH: named in caption,agrees,,,,,https://www.courtlistener.com/opinion/109445/northern-cheyenne-tribe-v-hollowbreast/
1975-122,"Bryan v. Itasca County, Minnesota",1975,426 U.S. 373,Chippewa Indians,,,,current only (caption names no tribe),,,,,https://www.courtlistener.com/opinion/109478/bryan-v-itasca-county/
1976-054,Delaware Tribal Business Committee v. Weeks,1976,430 U.S. 73,"Kansas Delawares, Absentee Delawares, Cherokee Delawares",Delaware (Lenape),Delaware (Lenape): Delaware Nation (Oklahoma); Delaware Tribe of Indians; Stockbridge-Munsee,HIGH: named in caption,agrees,,,,,https://www.courtlistener.com/opinion/109605/delaware-tribal-business-committee-v-weeks/
1976-082,Rosebud Sioux Tribe v. Kneip,1976,430 U.S. 584,Rosebud Sioux Tribe,Sioux (Oceti Sakowin),Sioux (Oceti Sakowin): Oglala Sioux Tribe; Rosebud Sioux Tribe; Cheyenne River Sioux Tribe; Standing Rock Sioux Tribe; Yankton Sioux Tribe; Sisseton-Wahpeton Oyate; Crow Creek Sioux Tribe; Lower Brule Sioux Tribe; Santee Sioux Nation; Flandreau Santee Sioux Tribe; Spirit Lake Tribe; Fort Peck Assiniboine & Sioux,HIGH: named in caption,agrees,,,,,https://www.courtlistener.com/opinion/109632/rosebud-sioux-tribe-v-kneip/
1976-084,U.S. v. Antelope,1976,430 U.S. 641,Coeur d'Alene Tribe,,,,current only (caption names no tribe),,,,,https://www.courtlistener.com/opinion/109634/united-states-v-antelope/
1976-165,"Puyallup Tribe, Inc. v. Department of Game of State of Wash.",1976,433 U.S. 165,Puyallup Tribe,Puyallup Tribe,,HIGH: named in caption,agrees,,,,,https://www.courtlistener.com/opinion/109720/puyallup-tribe-inc-v-department-of-game-of-washington/
1976-182,Finch v. U. S.,1976,433 U.S. 676,Crow Tribe,,,,current only (caption names no tribe),,,,,https://www.courtlistener.com/opinion/109735/finch-v-united-states/
1977-048,Oliphant v. Suquamish Indian Tribe,1977,435 U.S. 191,Suquamish Indian Tribe,Suquamish Tribe,,HIGH: named in caption,agrees,,,,,https://www.courtlistener.com/opinion/109812/oliphant-v-suquamish-indian-tribe/
1977-054,U.S. v. Wheeler,1977,435 U.S. 313,Navajo Nation,,,,current only (caption names no tribe),,,,,https://www.courtlistener.com/opinion/109818/united-states-v-wheeler/
1977-079,Santa Clara Pueblo v. Martinez,1977,436 U.S. 49,Santa Clara Pueblo,Pueblo,"Pueblo: Specify the pueblo (e.g., Santa Clara, Isleta, Zia, Laguna, Acoma, Taos, Santa Ana, Ysleta del Sur)",HIGH: named in caption,agrees,,,,,https://www.courtlistener.com/opinion/109857/santa-clara-pueblo-v-martinez/
1977-135,U.S. v. John,1977,437 U.S. 634,Mississippi Band of Choctaw Indians,,,,current only (caption names no tribe),,,,,https://www.courtlistener.com/opinion/109917/united-states-v-john/
1978-026,AZ v. CA,1978,439 U.S. 419,"Chemehuevi Indian Reservation, Cocopah Indian Reservation, Fort Yuma Indian Reservation, Colorado River Indian Reservation, and the Fort Mojave Indian Reservation",,,,current only (caption names no tribe),,,,,https://www.courtlistener.com/opinion/109968/arizona-v-california/
1978-030,Washington v. Confederated Bands and Tribes of Yakima Indian Nation,1978,439 U.S. 463,Yakama Indian Nation,Yakama Nation,,HIGH: named in caption,agrees,,,,,https://www.courtlistener.com/opinion/109972/washington-v-confederated-bands-tribes-of-the-yakima-indian-nation/
1978-131,Wilson v. Omaha Indian Tribe,1978,442 U.S. 653,Omaha Indian Tribe,Omaha Tribe of Nebraska,,HIGH: named in caption,agrees,,,,,https://www.courtlistener.com/opinion/110115/wilson-v-omaha-indian-tribe/
1978-159,Washington v. Washington State Commercial Passenger Fishing Vessel Ass'n,1978,443 U.S. 658,Stevens Treaties Tribes (PNW),,,,current only (caption names no tribe),,,,,https://www.courtlistener.com/opinion/110146/washington-v-washington-state-commercial-passenger-fishing-vessel-assn/
1979-005,Andrus v. Allard,1979,444 U.S. 51,,,,,,,,,,https://www.courtlistener.com/opinion/110156/andrus-v-allard/
1979-054,U.S. v. Clarke,1979,445 U.S. 253,,,,,,,,,,https://www.courtlistener.com/opinion/110222/united-states-v-clarke/
1979-065,U.S. v. Mitchell,1979,445 U.S. 535,Quinault Tribe,,,,current only (caption names no tribe),,,,,https://www.courtlistener.com/opinion/110233/united-states-v-mitchell/
1979-093,Andrus v. Glover Const. Co.,1979,446 U.S. 608,,,,,,,,,,https://www.courtlistener.com/opinion/110266/andrus-v-glover-construction-co/
1979-110,Washington v. Confederated Tribes of Colville Indian Reservation,1979,447 U.S. 134,"Confederated Tribes of Colville Indian Reservation, Makah Tribe, Lummi Tribe, and Yakama Nation",Confederated Tribes of the Colville Reservation; Lummi Nation,,HIGH: named in caption,agrees,,,,,https://www.courtlistener.com/opinion/110295/washington-v-confederated-tribes-of-the-colville-indian-reservation/
1979-143,White Mountain Apache v. Bracker,1979,448 U.S. 136,White Mountain Apache,Apache,Apache: San Carlos Apache Tribe; White Mountain Apache Tribe; Mescalero Apache Tribe; Jicarilla Apache Nation; Fort Sill Apache; Tonto Apache; Yavapai-Apache Nation,HIGH: named in caption,agrees,,,,,https://www.courtlistener.com/opinion/110328/white-mountain-apache-tribe-v-bracker/
1979-144,Central Machinery Co. v. Arizona State Tax Commission,1979,448 U.S. 160,Gila River Indian Tribe,,,,current only (caption names no tribe),,,,,https://www.courtlistener.com/opinion/110329/central-machinery-co-v-arizona-state-tax-commission/
1979-150,U.S. v. Sioux Nation of Indians,1979,448 U.S. 371,Sioux Nation of Indians,Sioux (Oceti Sakowin),Sioux (Oceti Sakowin): Oglala Sioux Tribe; Rosebud Sioux Tribe; Cheyenne River Sioux Tribe; Standing Rock Sioux Tribe; Yankton Sioux Tribe; Sisseton-Wahpeton Oyate; Crow Creek Sioux Tribe; Lower Brule Sioux Tribe; Santee Sioux Nation; Flandreau Santee Sioux Tribe; Spirit Lake Tribe; Fort Peck Assiniboine & Sioux,HIGH: named in caption,agrees,,,,,https://www.courtlistener.com/opinion/110335/united-states-v-sioux-nation-of-indians/
1980-061,Montana v. United States,1980,450 U.S. 544,Crow Tribe,,,,current only (caption names no tribe),,,,,https://www.courtlistener.com/opinion/110436/montana-v-united-states/
1981-036,Merrion v. Jicarilla Apache Tribe,1981,455 U.S. 130,Jicarilla Apache Tribe,Apache,Apache: San Carlos Apache Tribe; White Mountain Apache Tribe; Mescalero Apache Tribe; Jicarilla Apache Nation; Fort Sill Apache; Tonto Apache; Yavapai-Apache Nation,HIGH: named in caption,agrees,,,,,https://www.courtlistener.com/opinion/110643/merrion-v-jicarilla-apache-tribe/
1981-173,Ramah Navajo Sch. Bd. v. Bureau of Revenue,1981,458 U.S. 832,Navajo Nation,Navajo Nation,,HIGH: named in caption,agrees,,,,,https://www.courtlistener.com/opinion/110796/ramah-navajo-school-bd-inc-v-bureau-of-revenue-of-nm/
1982-051,Arizona v. California,1982,460 U.S. 605,"Colorado River Indian Tribes, Fort Mojave Indian Tribe, Chemehuevi Indian Tribe, Cocopah Indian Tribe, and Fort Yuma (Quechan)",,,,current only (caption names no tribe),,,,,https://www.courtlistener.com/opinion/110895/arizona-v-california/
1982-106,New Mexico v. Mescalero Apache Tribe,1982,462 U.S. 324,Mescalero Apache Tribe,Apache,Apache: San Carlos Apache Tribe; White Mountain Apache Tribe; Mescalero Apache Tribe; Jicarilla Apache Nation; Fort Sill Apache; Tonto Apache; Yavapai-Apache Nation,HIGH: named in caption,agrees,,,,,https://www.courtlistener.com/opinion/110962/new-mexico-v-mescalero-apache-tribe/
1982-137,Nevada v. U.S.,1982,463 U.S. 110,Pyramid Lake Paiute Tribe,,,,current only (caption names no tribe),,,,,https://www.courtlistener.com/opinion/110994/nevada-v-united-states/
1982-140,U.S. v. Mitchell,1982,463 U.S. 206,Quinault Tribe,,,,current only (caption names no tribe),,,,,https://www.courtlistener.com/opinion/110997/united-states-v-mitchell/
1982-150,Arizona v. San Carlos Apache Tribe of Arizona,1982,463 U.S. 545,"San Carlos Apache Tribe, Northern Cheyenne Tribe, Navajo Nation, Salt River Pima-Maricopa Indian Community, Ft. McDowell Mojave-Apache Indian Community, Crow Tribe, Assinboine and Sioux Tribe",Apache,Apache: San Carlos Apache Tribe; White Mountain Apache Tribe; Mescalero Apache Tribe; Jicarilla Apache Nation; Fort Sill Apache; Tonto Apache; Yavapai-Apache Nation,HIGH: named in caption,agrees,,,,,https://www.courtlistener.com/opinion/111007/arizona-v-san-carlos-apache-tribe-of-ariz/
1982-154,Rice v. Rehner,1982,463 U.S. 713,Pala Band of Mission Indians,,,,current only (caption names no tribe),,,,,https://www.courtlistener.com/opinion/111011/rice-v-rehner/
1983-041,Solem v. Bartlett,1983,465 U.S. 463,Cheyenne River Sioux Tribe,,,,current only (caption names no tribe),,,,,https://www.courtlistener.com/opinion/111106/solem-v-bartlett/
1983-065,Arizona v. California,1983,466 U.S. 144,"Fort Mojave Indian Tribe, the Chemehuevi Indian Tribe, the Colorado River Indian Tribes, the Quechan Indian Tribe, and the Cocopah Indian Tribe",,,,current only (caption names no tribe),,,,,https://www.courtlistener.com/opinion/111144/arizona-v-california/
1983-095,"Escondido Mut. Water Co. v. La Jolla, Rincon, San Pasqual, Pauma, and Pala Bands of Mission Indians",1983,466 U.S. 765,"La Jolla, Rincon, San Pasqual, Pauma, and Pala Bands of Mission Indians",Mission Indians (specify band); Luiseño / Kumeyaay bands,"Mission Indians (specify band): e.g., Cabazon, Morongo, Pala, Rincon, La Jolla, San Pasqual, Pauma, Agua Caliente, Torres-Martinez | Luiseño / Kumeyaay bands: Pala Band; Rincon Band; La Jolla Band; San Pasqual Band; Pauma Band",HIGH: named in caption,agrees,,,,,https://www.courtlistener.com/opinion/111174/escondido-mutual-water-co-v-la-jolla-band-of-mission-indians/
1983-104,"Three Affiliated Tribes of Fort Berthold Reservation v. Wold Engineering, P.C.",1983,467 U.S. 138,Three Affiliated Tribes of Fort Berthold Reservation,"Mandan, Hidatsa & Arikara Nation",,HIGH: named in caption,agrees,,,,,https://www.courtlistener.com/opinion/111191/three-affiliated-tribes-of-the-fort-berthold-reservation-v-wold/
1984-031,U.S. v. Dann,1984,470 U.S. 39,Western Shoshone Tribe,,,,current only (caption names no tribe),,,,,https://www.courtlistener.com/opinion/111354/united-states-v-dann/
1984-039,"Oneida County, N.Y. v. Oneida Indian Nation of New York State",1984,470 U.S. 226,"Oneida Indian Nation of New York, the Oneida Indian Nation of Wisconsin, and the Oneida of the Thames Band Council",Oneida,Oneida: Oneida Indian Nation (New York); Oneida Nation (Wisconsin),HIGH: named in caption,agrees,,,,,https://www.courtlistener.com/opinion/111362/countyof-oneida-v-oneida-indian-nation-of-ny/
1984-079,Kerr-McGee Corp. v. Navajo Tribe of Indians,1984,471 U.S. 195,Navajo Nation,Navajo Nation,,HIGH: named in caption,agrees,,,,,https://www.courtlistener.com/opinion/111411/kerr-mcgee-corp-v-navajo-tribe-of-indians/
1984-108,Montana v. Blackfeet Tribe of Indians,1984,471 U.S. 759,Blackfeet Tribe of Indians,Blackfeet Nation,,HIGH: named in caption,agrees,,,,,https://www.courtlistener.com/opinion/111439/montana-v-blackfeet-tribe-of-indians/
1984-111,National Farmers Union Ins. Companies v. Crow Tribe of Indians,1984,471 U.S. 845,Crow Tribe,Crow Tribe,,HIGH: named in caption,agrees,,,,,https://www.courtlistener.com/opinion/111442/national-farmers-union-insurance-v-crow-tribe-of-indians/
1984-119,Mountain States Tel. & Tel. Co. v. Pueblo of Santa Ana,1984,472 U.S. 237,Pueblo of Santa Ana,Pueblo,"Pueblo: Specify the pueblo (e.g., Santa Clara, Isleta, Zia, Laguna, Acoma, Taos, Santa Ana, Ysleta del Sur)",HIGH: named in caption,agrees,,,,,https://www.courtlistener.com/opinion/111468/mountain-states-telephone-telegraph-co-v-pueblo-of-santa-ana/
1984-167,Oregon Dept. of Fish and Wildlife v. Klamath Indian Tribe,1984,473 U.S. 753,Klamath Indian Tribe,Klamath Tribes,,HIGH: named in caption,agrees,,,,,https://www.courtlistener.com/opinion/111516/oregon-department-of-fish-wildlife-v-klamath-indian-tribe/
1985-023,U.S. v. Loud Hawk,1985,474 U.S. 302,Unclear. This case deals with American Indian Movement members.,,,,current only (caption names no tribe),,,,,https://www.courtlistener.com/opinion/111554/united-states-v-loud-hawk/
1985-096,"South Carolina v. Catawba Indian Tribe, Inc.",1985,476 U.S. 498,Catawba Indian Tribe,Catawba Indian Nation,,HIGH: named in caption,agrees,,,,,https://www.courtlistener.com/opinion/111680/south-carolina-v-catawba-indian-tribe-inc/
1985-104,Bowen v. Roy,1985,476 U.S. 693,Abenaki Nation,,,,current only (caption names no tribe),,,,,https://www.courtlistener.com/opinion/111688/bowen-v-roy/
1985-105,U.S. v. Dion,1985,476 U.S. 734,Yankton Sioux Tribe,,,,current only (caption names no tribe),,,,,https://www.courtlistener.com/opinion/111689/united-states-v-dion/
1985-107,U.S. v. Mottaz,1985,476 U.S. 834,Chippewa,,,,current only (caption names no tribe),,,,,https://www.courtlistener.com/opinion/111691/united-states-v-mottaz/
1985-110,"Three Affiliated Tribes of Fort Berthold Reservation v. Wold Engineering, P.C.",1985,476 U.S. 877,Three Affiliated Tribes of Fort Berthold Reservation,"Mandan, Hidatsa & Arikara Nation",,HIGH: named in caption,agrees,,,,,https://www.courtlistener.com/opinion/111694/three-affiliated-tribes-of-the-fort-berthold-reservation-v-wold/
1986-033,Iowa Mut. Ins. Co. v. LaPlante,1986,480 U.S. 9,Blackfeet Tribe of Indians,,,,current only (caption names no tribe),,,,,https://www.courtlistener.com/opinion/111820/iowa-mutual-insurance-v-laplante/
1986-041,California v. Cabazon Band of Mission Indians,1986,480 U.S. 202,Cabazon and Morongo Bands of Mission Indians,Mission Indians (specify band); Cabazon Band of Mission Indians,"Mission Indians (specify band): e.g., Cabazon, Morongo, Pala, Rincon, La Jolla, San Pasqual, Pauma, Agua Caliente, Torres-Martinez",HIGH: named in caption,agrees,,,,,https://www.courtlistener.com/opinion/111828/california-v-cabazon-band-of-mission-indians/
1986-055,"Amoco Production Co. v. Village of Gambell, AK",1986,480 U.S. 531,"Village of Gambell, Village of Stebbins, maybe more?",Native Village of Gambell; Alaska Native entity (specify),,HIGH: named in caption,agrees,,,,,https://www.courtlistener.com/opinion/111842/amoco-production-co-v-village-of-gambell/
1986-063,U.S. v. Cherokee Nation of Oklahoma,1986,480 U.S. 700,Cherokee Nation,Cherokee,Cherokee: Cherokee Nation; Eastern Band of Cherokee Indians; United Keetoowah Band,HIGH: named in caption,agrees,,,,,https://www.courtlistener.com/opinion/111850/united-states-v-cherokee-nation-of-okla/
1986-098,Hodel v. Irving,1986,481 U.S. 704,Oglala Sioux Tribe,,,,current only (caption names no tribe),,,,,https://www.courtlistener.com/opinion/111887/hodel-v-irving/
1987-061,Lyng v. Northwest Indian Cemetery Protective Ass'n,1987,485 U.S. 439,"Yurok, Karok, and Tolowa Indians",,,GENERIC: caption mentions a tribal party but no name matched,current only (caption names no tribe),,,,,https://www.courtlistener.com/opinion/112037/lyng-v-northwest-indian-cemetery-protective-assn/
1987-070,"Employment Div., Dep't of Human Res. v. Smith",1987,485 U.S. 660,,,,,,,,,,https://www.courtlistener.com/opinion/112047/employment-division-department-of-human-resources-v-smith/
1988-065,OK Tax Comm'n v. Graham,1988,489 U.S. 838,Chickasaw Nation,,,,current only (caption names no tribe),,,,,https://www.courtlistener.com/opinion/112230/oklahoma-tax-commission-v-graham/
1988-068,Mississippi Band of Choctaw Indians v. Holyfield,1988,490 U.S. 30,Mississippi Band of Choctaw Indians,Choctaw,Choctaw: Choctaw Nation of Oklahoma; Mississippi Band of Choctaw Indians; Jena Band of Choctaw,HIGH: named in caption,agrees,,,,,https://www.courtlistener.com/opinion/112241/mississippi-band-of-choctaw-indians-v-holyfield/
1988-076,Cotton petroleum Corp. v. New Mexico,1988,490 U.S. 163,Jicarilla Apache Tribe,,,,current only (caption names no tribe),,,,,https://www.courtlistener.com/opinion/112249/cotton-petroleum-corp-v-new-mexico/
1988-110,California et al. v. United States et al.,1988,490 U.S. 920,,,,,,,,,,https://www.courtlistener.com/opinion/112283/california-v-united-states/
1988-148,Brendale v. Confederated Tribes and Bands of Yakima Indian Nation,1988,492 U.S. 408,Yakama Indian Nation,Yakama Nation,,HIGH: named in caption,agrees,,,,,https://www.courtlistener.com/opinion/112328/brendale-v-confederated-tribes-and-bands-of-the-yakima-indian-nation-et/
1989-061,Employment Div. v. Smith,1989,494 U.S. 872,,,,,,,,,,https://www.courtlistener.com/opinion/112404/employment-div-dept-of-human-resources-of-ore-v-smith/
1989-090,Duro v. Reina,1989,495 U.S. 676,"Salt River Pima–Maricopa Indian Community, GIla River Indian Tribe, and Torres–Martinez Band of Cahuilla Mission Indians",,,,current only (caption names no tribe),,,,,https://www.courtlistener.com/opinion/112439/duro-v-reina/
1990-039,Oklahoma Tax Com'n v. Citizen Band Potawatomi Indian Tribe of Oklahoma,1990,498 U.S. 505,Citizen Band Potawatomi Indian Tribe of Oklahoma,Potawatomi,Potawatomi: Prairie Band Potawatomi Nation; Citizen Potawatomi Nation; Forest County Potawatomi; Hannahville; Pokagon Band; Match-E-Be-Nash-She-Wish Band (Gun Lake); Nottawaseppi Huron Band,HIGH: named in caption,agrees,,,,,https://www.courtlistener.com/opinion/112537/oklahoma-tax-commn-v-citizen-band-of-potawatomi-tribe-of-okla/
1990-123,Blatchford v. Native Village of Noatak,1990,501 U.S. 775,Native Village of Noatak & Circle Village,Native Village of Noatak; Alaska Native entity (specify),,HIGH: named in caption,agrees,,,,,https://www.courtlistener.com/opinion/112641/blatchford-v-native-village-of-noatak/
1991-021,County of Yakima v. Confederated Tribes and Bands of Yakima Indian Nation,1991,502 U.S. 251,Yakama Indian Nation,Yakama Nation,,HIGH: named in caption,agrees,,,,,https://www.courtlistener.com/opinion/112674/county-of-yakima-v-confederated-tribes-bands-of-the-yakima-indian-nation/
1991-048,U.S. v. R. L. C.,1991,503 U.S. 291,Red Lake Band of Chippewa Indians,,,,current only (caption names no tribe),,,,,https://www.courtlistener.com/opinion/112709/united-states-v-rlc/
1992-033,Negonsott v. Samuels,1992,507 U.S. 99,Kickapoo Tribe,,,,current only (caption names no tribe),,,,,https://www.courtlistener.com/opinion/112822/negonsott-v-samuels/
1992-071,Oklahoma Tax Com'n v. Sac and Fox Nation,1992,508 U.S. 114,Sac and Fox Nation,Sac and Fox,Sac and Fox: Sac & Fox Nation (Oklahoma); Sac & Fox Tribe of the Mississippi in Iowa (Meskwaki); Sac & Fox Nation of Missouri,HIGH: named in caption,agrees,,,,,https://www.courtlistener.com/opinion/112859/oklahoma-tax-commission-v-sac-fox-nation/
1992-076,Lincoln v. Vigil,1992,508 U.S. 182,,,,,,,,,,https://www.courtlistener.com/opinion/112864/lincoln-v-vigil/
1992-097,South Dakota v. Bourland,1992,508 U.S. 679,Cheyenne Sioux Tribe,,,,current only (caption names no tribe),,,,,https://www.courtlistener.com/opinion/112885/south-dakota-v-bourland/
1993-022,Hagen v. Utah,1993,510 U.S. 399,Unitah Indian Reservation,,,,current only (caption names no tribe),,,,,https://www.courtlistener.com/opinion/112929/hagen-v-utah/
1993-069,"Department of Taxation and Finance of New York v. Milhelm Attea & Bros., Inc.",1993,512 U.S. 61,,,,,,,,,,https://www.courtlistener.com/opinion/117848/department-of-taxation-and-finance-of-ny-v-milhelm-attea-bros/
1994-078,Oklahoma Tax Com'n v. Chickasaw Nation,1994,515 U.S. 450,Chickasaw Nation,Chickasaw Nation,,HIGH: named in caption,agrees,,,,,https://www.courtlistener.com/opinion/117956/oklahoma-tax-commission-v-chickasaw-nation/
1995-037,Seminole Tribe of Florida v. Florida,1995,517 U.S. 44,Seminole Tribe of Florida,Seminole,Seminole: Seminole Nation of Oklahoma; Seminole Tribe of Florida; Miccosukee Tribe,HIGH: named in caption,agrees,,,,,https://www.courtlistener.com/opinion/118011/seminole-tribe-of-florida-v-florida/
1996-017,Babbit v. Youpee,1996,519 U.S. 234,Sioux and Assiniboine Tribes,,,,current only (caption names no tribe),,,,,https://www.courtlistener.com/opinion/118078/babbitt-v-youpee/
1996-049,Strate v. A-1 Contractors,1996,520 U.S. 438,Three Affiliated Tribes,,,,current only (caption names no tribe),,,,,https://www.courtlistener.com/opinion/118105/strate-v-a-1-contractors/
1996-081,ID v. Coeur D'Alene Tribe,1996,521 U.S. 261,Coeur d'Alene Tribe,Coeur d'Alene Tribe,,HIGH: named in caption,agrees,,,,,https://www.courtlistener.com/opinion/118134/idaho-v-coeur-dalene-tribe-of-idaho/
1997-020,South Dakota v. Yankton Sioux Tribe,1997,522 U.S. 329,Yankton Sioux Tribe,Sioux (Oceti Sakowin),Sioux (Oceti Sakowin): Oglala Sioux Tribe; Rosebud Sioux Tribe; Cheyenne River Sioux Tribe; Standing Rock Sioux Tribe; Yankton Sioux Tribe; Sisseton-Wahpeton Oyate; Crow Creek Sioux Tribe; Lower Brule Sioux Tribe; Santee Sioux Nation; Flandreau Santee Sioux Tribe; Spirit Lake Tribe; Fort Peck Assiniboine & Sioux,HIGH: named in caption,agrees,,,,,https://www.courtlistener.com/opinion/118166/south-dakota-v-yankton-sioux-tribe/
1997-031,Alaska v. Native Village of Venetie Tribal Government,1997,522 U.S. 520,Native Village of Venetie Tribal Government,Native Village of Venetie; Alaska Native entity (specify),,HIGH: named in caption,agrees,,,,,https://www.courtlistener.com/opinion/118175/alaska-v-native-village-of-venetie-tribal-government/
1997-066,Montana v. Crow Tribe of Indians,1997,523 U.S. 696,Crow Tribe,Crow Tribe,,HIGH: named in caption,agrees,,,,,https://www.courtlistener.com/opinion/118209/montana-v-crow-tribe-of-indians/
1997-069,"Kiowa Tribe of Oklahoma v. Manufacturing Technologies, Inc.",1997,523 U.S. 751,Kiowa Tribe of Oklahoma,Kiowa Tribe,,HIGH: named in caption,agrees,,,,,https://www.courtlistener.com/opinion/118212/kiowa-tribe-of-oklahoma-v-manufacturing-technologies-inc/
1997-079,Cass County v. Leech Land Band of Chippewa Indians,1997,524 U.S. 103,Leech Lake Band of Chippewa Indians,Ojibwe (Chippewa),"Ojibwe (Chippewa): Minnesota Chippewa Tribe (White Earth, Leech Lake, Mille Lacs, Fond du Lac, Bois Forte, Grand Portage); Red Lake Band; Lac du Flambeau Band; Lac Courte Oreilles; Bad River; Bay Mills Indian Community; Sault Ste. Marie Tribe; Saginaw Chippewa; Keweenaw Bay; Turtle Mountain Band",HIGH: named in caption,agrees,,,,,https://www.courtlistener.com/opinion/118222/cass-county-v-leech-lake-band-of-chippewa-indians/
1998-027,AZ Dep't of Revenue v. Blaze Constr. Co.,1998,526 U.S. 32,"Navajo, Hopi, Fort Apache, Colorado River, Tohono O'Odham, and San Carlos Apache Indian Reservations",,,,current only (caption names no tribe),,,,,https://www.courtlistener.com/opinion/118267/arizona-department-of-revenue-v-blaze-construction-co/
1998-038,Minnesota v. Mille Lacs Band of Chippewa Indians,1998,526 U.S. 172,Mille Lacs Band of Chippewa Indians,Ojibwe (Chippewa),"Ojibwe (Chippewa): Minnesota Chippewa Tribe (White Earth, Leech Lake, Mille Lacs, Fond du Lac, Bois Forte, Grand Portage); Red Lake Band; Lac du Flambeau Band; Lac Courte Oreilles; Bad River; Bay Mills Indian Community; Sault Ste. Marie Tribe; Saginaw Chippewa; Keweenaw Bay; Turtle Mountain Band",HIGH: named in caption,agrees,,,,,https://www.courtlistener.com/opinion/118273/minnesota-v-mille-lacs-band-of-chippewa-indians/
1998-051,El Paso Natural Gas Co. v. Neztsosie,1998,526 U.S. 473,Navajo Nation,,,,current only (caption names no tribe),,,,,https://www.courtlistener.com/opinion/1087692/el-paso-natural-gas-co-v-neztsosie/
1998-067,Amoco Prod. Co. v. S. Ute Indian Tribe,1998,526 U.S. 865,Southern Ute Indian Tribe,Ute,Ute: Ute Indian Tribe (Uintah & Ouray); Southern Ute Indian Tribe; Ute Mountain Ute Tribe,HIGH: named in caption,agrees,,,,,https://www.courtlistener.com/opinion/118297/amoco-production-co-v-southern-ute-indian-tribe/
1999-031,Rice v. Cayetano,1999,528 U.S. 495,,,,,,,,,,https://www.courtlistener.com/opinion/118340/rice-v-cayetano/
1999-080,Arizona v. California,1999,530 U.S. 392,,,,,,,,,,https://www.courtlistener.com/opinion/117938/arizona-v-california/
2000-001,Arizona v. California,2000,531 U.S. 1,,,,,,,,,,https://www.courtlistener.com/opinion/118388/state-of-arizona-v-state-of-california-bill-of-complaint/
2000-029,Department of Interior v. Klamath Water Users Protective Ass'n,2000,532 U.S. 1,"Klamath, Hoopa Valley, Karuk, and Yurok Tribes Tribes",,,,current only (caption names no tribe),,,,,https://www.courtlistener.com/opinion/118462/department-of-the-interior-v-klamath-water-users-protective-assn/
2000-047,"C & L Enterprises, Inc. v. Citizen Band Potawatomi Indian Tribe of Oklahoma",2000,532 U.S. 411,Citizen Band Potawatomi Indian Tribe of Oklahoma,Potawatomi,Potawatomi: Prairie Band Potawatomi Nation; Citizen Potawatomi Nation; Forest County Potawatomi; Hannahville; Pokagon Band; Match-E-Be-Nash-She-Wish Band (Gun Lake); Nottawaseppi Huron Band,HIGH: named in caption,agrees,,,,,https://www.courtlistener.com/opinion/118423/c-l-enterprises-inc-v-citizen-band-potawatomi-indian-tribe-of-oklahoma/
2000-056,"Atkinson Trading Co., Inc., v. Shirley",2000,532 U.S. 645,Navajo Nation,,,,current only (caption names no tribe),,,,,https://www.courtlistener.com/opinion/118431/atkinson-trading-co-v-shirley/
2000-077,Idaho v. United States,2000,533 U.S. 262,Coeur d'Alene Tribe,,,,current only (caption names no tribe),,,,,https://www.courtlistener.com/opinion/118451/idaho-v-united-states/
2000-080,Nevada v. Hicks,2000,533 U.S. 353,Fallon Paiute–Shoshone Tribe,,,,current only (caption names no tribe),,,,,https://www.courtlistener.com/opinion/118454/nevada-v-hicks/
2001-005,Chickasaw Nation v. United States,2001,534 U.S. 84,Choctaw and Chickasaw Nations,Chickasaw Nation,,HIGH: named in caption,agrees,,,,,https://www.courtlistener.com/opinion/118467/chickasaw-nation-v-united-states/
2002-024,U.S. v. White Mountain Apache Tribe,2002,537 U.S. 465,White Mountain Apache Tribe,Apache,Apache: San Carlos Apache Tribe; White Mountain Apache Tribe; Mescalero Apache Tribe; Jicarilla Apache Nation; Fort Sill Apache; Tonto Apache; Yavapai-Apache Nation,HIGH: named in caption,agrees,,,,,https://www.courtlistener.com/opinion/122263/united-states-v-white-mountain-apache-tribe/
2002-025,U.S. v. Navajo Nation,2002,537 U.S. 488,Navajo Nation,Navajo Nation,,HIGH: named in caption,agrees,,,,,https://www.courtlistener.com/opinion/122264/united-states-v-navajo-nation/
2002-054,"Inyo County, Cal. v. Paiute-Shoshone Indians of the Bishop Community of the Bishop Colony",2002,538 U.S. 701,Paiute-Shoshone Indians of the Bishop Community of the Bishop Colony,Paiute; Shoshone,Paiute: Pyramid Lake Paiute Tribe; Reno-Sparks Indian Colony; Bishop Paiute Tribe; Paiute Indian Tribe of Utah; Burns Paiute | Shoshone: Eastern Shoshone (Wind River); Shoshone-Bannock (Fort Hall); Northwestern Band of Shoshone; Te-Moak Western Shoshone; Fallon Paiute-Shoshone,HIGH: named in caption,agrees,,,,,https://www.courtlistener.com/opinion/127923/inyo-county-california-v-paiute-shoshone-indians-of-the-bishop-community/
2003-042,South Florida Water Management Dist. v. Miccosukee Tribe of Indians,2003,541 U.S. 95,Miccosukee Tribe of Indians,Miccosukee Tribe of Indians of Florida,,HIGH: named in caption,agrees,,,,,https://www.courtlistener.com/opinion/134726/south-florida-water-management-district-v-miccosukee-tribe-of-indians/
2003-048,U.S. v. Lara,2003,541 U.S. 193,Spirit Lake Indian Tribe,,,,current only (caption names no tribe),,,,,https://www.courtlistener.com/opinion/134732/united-states-v-lara/
2004-025,Cherokee Nation of Oklahoma v. Leavitt,2004,543 U.S. 631,Cherokee Nation and Shoshone Paiute Tribe,Cherokee,Cherokee: Cherokee Nation; Eastern Band of Cherokee Indians; United Keetoowah Band,HIGH: named in caption,agrees,,,,,https://www.courtlistener.com/opinion/137750/cherokee-nation-of-okla-v-leavitt/
2004-034,"City of Sherrill, N.Y. v. Oneida Indian Nation of New York",2004,544 U.S. 197,Oneida Indian Nation of New York,Oneida,Oneida: Oneida Indian Nation (New York); Oneida Nation (Wisconsin),HIGH: named in caption,agrees,,,,,https://www.courtlistener.com/opinion/142882/city-of-sherrill-v-oneida-indian-nation-of-ny/
2005-011,Wagnon v. Prairie Band Potawatomi Nation,2005,546 U.S. 95,Prairie Band Potawatomi Nation,Potawatomi,Potawatomi: Prairie Band Potawatomi Nation; Citizen Potawatomi Nation; Forest County Potawatomi; Hannahville; Pokagon Band; Match-E-Be-Nash-She-Wish Band (Gun Lake); Nottawaseppi Huron Band,HIGH: named in caption,agrees,,,,,https://www.courtlistener.com/opinion/1991588/wagnon-v-prairie-band-potawatomi-nation/
2005-043,Arizona v. California,2005,547 U.S. 150,,,,,,,,,,https://www.courtlistener.com/opinion/145668/arizona-v-california/
2007-066,Plains Commerce Bank v. Long Family Land and Cattle Co.,2007,554 U.S. 316,Cheyenne River Sioux Tribe,,,,current only (caption names no tribe),,,,,https://www.courtlistener.com/opinion/145782/plains-commerce-bank-v-long-family-land-cattle-co/
2008-023,Carcieri v. Salazar,2008,555 U.S. 379,Narragansett Tribe,,,,current only (caption names no tribe),,,,,https://www.courtlistener.com/opinion/145908/carcieri-v-salazar/
2008-037,Hawaii v. Office of Hawaiian Affairs,2008,556 U.S. 163,,,,,,,,,,https://www.courtlistener.com/opinion/145894/hawaii-v-office-of-hawaiian-affairs/
2008-042,U.S. v. Navajo Nation,2008,556 U.S. 287,Navajo Nation,Navajo Nation,,HIGH: named in caption,agrees,,,,,https://www.courtlistener.com/opinion/145889/united-states-v-navajo-nation/
2010-041,U.S. v. Tohono O'odham Nation,2010,563 U.S. 307,Tohono O'odham Nation,Tohono O'odham Nation,,HIGH: named in caption,agrees,,,,,https://www.courtlistener.com/opinion/215412/united-states-v-tohono-oodham-nation/
2010-062,U.S. v. Jicarilla Apache Nation,2010,564 U.S. 162,Jicarilla Apache Nation,Apache,Apache: San Carlos Apache Tribe; White Mountain Apache Tribe; Mescalero Apache Tribe; Jicarilla Apache Nation; Fort Sill Apache; Tonto Apache; Yavapai-Apache Nation,HIGH: named in caption,agrees,,,,,https://www.courtlistener.com/opinion/218665/united-states-v-jicarilla-apache-nation/
2011-065,Match-E-Be-Nash-She-Wish Band of Pottawatomi Indians v. Patchak,2011,567 U.S. 209,Match-E-Be-Nash-She-Wish Band of Pottawatomi Indians,Potawatomi,Potawatomi: Prairie Band Potawatomi Nation; Citizen Potawatomi Nation; Forest County Potawatomi; Hannahville; Pokagon Band; Match-E-Be-Nash-She-Wish Band (Gun Lake); Nottawaseppi Huron Band,HIGH: named in caption,agrees,,,,,https://www.courtlistener.com/opinion/802400/match-e-be-nash-she-wish-band-of-pottawatomi-indians-v-patchak/
2011-066,Salazar v. Ramah Navajo Chapter,2011,567 U.S. 182,,Navajo Nation,,HIGH: named in caption,fills blank,,,,,https://www.courtlistener.com/opinion/802399/salazar-v-ramah-navajo-chapter/
2012-075,Adoptive Couple v. Baby Girl,2012,570 U.S. 637,Cherokee Nation,,,,current only (caption names no tribe),,,,,https://www.courtlistener.com/opinion/931616/adoptive-couple-v-baby-girl/
2013-048,Michigan v. Bay Mills Indian Community,2013,572 U.S. 782,Bay Mills Indian Community,Ojibwe (Chippewa),"Ojibwe (Chippewa): Minnesota Chippewa Tribe (White Earth, Leech Lake, Mille Lacs, Fond du Lac, Bois Forte, Grand Portage); Red Lake Band; Lac du Flambeau Band; Lac Courte Oreilles; Bad River; Bay Mills Indian Community; Sault Ste. Marie Tribe; Saginaw Chippewa; Keweenaw Bay; Turtle Mountain Band",HIGH: named in caption,agrees,,,,,https://www.courtlistener.com/opinion/2675751/michigan-v-bay-mills-indian-community/
2015-023,Menominee Indian Tribe of Wisconsin v. United States,2015,577 U.S. 250,Menominee Indian Tribe of Wisconsin,Menominee Indian Tribe of Wisconsin,,HIGH: named in caption,agrees,,,,,https://www.courtlistener.com/opinion/3171725/menominee-indian-tribe-of-wis-v-united-states/
2015-037,Nebraska v. Parker,2015,577 U.S. 481,Omaha Indian Tribe,,,,current only (caption names no tribe),,,,,https://www.courtlistener.com/opinion/3187550/nebraska-v-parker/
2015-066,U.S. v. Bryant,2015,579 U.S. 140,Northern Cheyenne Tribe,,,,current only (caption names no tribe),,,,,https://www.courtlistener.com/opinion/3212620/united-states-v-bryant/
2015-025,Dollar Gen. Corp. v. Miss. Band of Choctaw Indians,2015,579 U.S. 545,Mississippi Band of Choctaw Indians,Choctaw,Choctaw: Choctaw Nation of Oklahoma; Mississippi Band of Choctaw Indians; Jena Band of Choctaw,HIGH: named in caption,agrees,,,,,https://www.courtlistener.com/opinion/3216496/dollar-general-corp-v-mississippi-band-of-choctaw-indians/
2016-034,Lewis v. Clarke,2016,581 U.S. 155,Mohegan Tribe of Indians of Connecticut,,,,current only (caption names no tribe),,,,,https://www.courtlistener.com/opinion/4385683/lewis-v-clarke/
2017-017,Patchak v. Zinke,2017,583 U.S. 244,Match–E–Be–Nash–She–Wish Band of Pottawatomi Indians,,,,current only (caption names no tribe),,,,,https://www.courtlistener.com/opinion/4471243/patchak-v-zinke/
2017-064,Upper Skagit Indian Tribe v. Lundgren,2017,584 U.S. 554,Upper Skagit Indian Tribe,Upper Skagit Indian Tribe,,HIGH: named in caption,agrees,,,,,https://www.courtlistener.com/opinion/4499693/upper-skagit-tribe-v-lundgren/
2017-062,Washington v. United States,2017,584 U.S. 837,,,,,,,,,,https://www.courtlistener.com/opinion/4505998/washington-v-united-states/
2018-013,"Washington State Department of Licensing v. Cougar Den, Inc.",2018,586 U.S. 347,Yakama Nation,,,,current only (caption names no tribe),,,,,https://www.courtlistener.com/opinion/4601078/washington-state-dept-of-licensing-v-cougar-den-inc/
2018-018,Sturgeon v. Frost,2018,587 U.S. 28,,,,,,,,,,https://www.courtlistener.com/opinion/4603641/sturgeon-v-frost/
2018-026,Herrera v. Wyoming,2018,587 U.S. 329,Crow Tribe,,,,current only (caption names no tribe),,,,,https://www.courtlistener.com/opinion/4621280/herrera-v-wyoming/
2019-048,McGirt v. Oklahoma,2019,591 U.S. 894,Muscogee (Creek) Nation,,,,current only (caption names no tribe),,,,,https://www.courtlistener.com/opinion/4766667/mcgirt-v-oklahoma/
2020-049,United States v. Cooley,2020,593 U.S. 345,,,,,,,,,,https://www.courtlistener.com/opinion/4887958/united-states-v-cooley/
2020-065,Yellen v. Confederated Tribes of Chehalis Reservation,2020,594 U.S. 338,"Confederated Tribes of the Chehalis Reservation and Tulalip Tribes, Akiak Native Community, Aleut Community of St. Paul Island, Asa'carsarmiut Tribe, Houlton Band of Maliseet Indians, Arctic Village Council, Native Village of Venetie Tribal Government, Nondalton Tribal Council, Rosebud Sioux Tribe, Cheyenne River Sioux Tribe, Tulalip Tribes, Confederated Tribes of the Chehalis Reservation, Navajo Nation, Quinault Indian Nation, San Carlos Apache Tribe",Confederated Tribes of the Chehalis Reservation,,HIGH: named in caption,agrees,,,,,https://www.courtlistener.com/opinion/4894911/yellen-v-confederated-tribes-of-chehalis-reservation/
2020-046,Brnovich v. Democratic National Committee,2020,594 U.S. 647,,,,,,,,,,https://www.courtlistener.com/opinion/4896548/brnovich-v-democratic-national-committee/
2021-042,Denezpi v. United States,2021,596 U.S. 591,"Navajo Nation, Ute Mountain Ute Tribe",,,,current only (caption names no tribe),,,,,https://www.courtlistener.com/opinion/6477117/denezpi-v-united-states/
2021-043,Ysleta Del Sur Pueblo v. Texas,2021,596 U.S. 685,Ysleta del Sur Pueblo,Pueblo,"Pueblo: Specify the pueblo (e.g., Santa Clara, Isleta, Zia, Laguna, Acoma, Taos, Santa Ana, Ysleta del Sur)",HIGH: named in caption,agrees,,,,,https://www.courtlistener.com/opinion/6477852/ysleta-del-sur-pueblo-v-texas/
2021-062,Oklahoma v. Castro-Huerta,2021,597 U.S. 629,Cherokee Nation,,,,current only (caption names no tribe),,,,,https://www.courtlistener.com/opinion/6619823/oklahoma-v-castro-huerta/
2022-018,Haaland v. Brackeen,2022,599 U.S. 255,"Cherokee Nation, Oneida Nation, Quinalt Indian Nation, and Morengo Band of Mission Indians (intervened as defendants), also Navajo Nation, White Earth Band of Ojibwe Tribe and the Ysleta del Sur Pueblo Tribe",,,,current only (caption names no tribe),,,,,https://www.courtlistener.com/opinion/9406660/haaland-v-brackeen/
2022-056,Lac du Flambeau Band of Lake Superior Chippewa Indians v. Coughlin,2022,599 U.S. 382,Lac du Flambeau Band of Lake Superior Chippewa Indians,Ojibwe (Chippewa),"Ojibwe (Chippewa): Minnesota Chippewa Tribe (White Earth, Leech Lake, Mille Lacs, Fond du Lac, Bois Forte, Grand Portage); Red Lake Band; Lac du Flambeau Band; Lac Courte Oreilles; Bad River; Bay Mills Indian Community; Sault Ste. Marie Tribe; Saginaw Chippewa; Keweenaw Bay; Turtle Mountain Band",HIGH: named in caption,agrees,,,,,https://www.courtlistener.com/opinion/9406659/lac-du-flambeau-band-of-lake-superior-chippewa-indians-v-coughlin/
2022-042,Arizona v. Navajo Nation,2022,599 U.S. 555,Navajo Nation,Navajo Nation,,HIGH: named in caption,agrees,,,,,https://www.courtlistener.com/opinion/9408684/arizona-v-navajo-nation/
2023-047,Becerra v. San Carlos Apache Tribe,2023,602 U.S. 222,"San Carlos Apache Tribe, Northern Arapaho Tribe",Apache,Apache: San Carlos Apache Tribe; White Mountain Apache Tribe; Mescalero Apache Tribe; Jicarilla Apache Nation; Fort Sill Apache; Tonto Apache; Yavapai-Apache Nation,HIGH: named in caption,agrees,,,,,https://www.courtlistener.com/opinion/9511766/becerra-v-san-carlos-apache-tribe/
